UserID, TotalActionNum, Time, Task, TaskActionNum, Address, Past_1, Past_2, Past_3, Past_4, Past_5, Future_1, Future_2, Future_3,Match_Any,Match_1,Match_2,Match_3, Past_CogLoad, Future_CogLoad
002, 1, 1648502970.072885, Start, 1, 00100000, NIL, NIL, NIL, NIL, NIL, NIL, NIL, NIL,0,0,0,0, 0.000045399929762484854, 0.0
002, 2, 1648502970.432043, Start, 2, 00100019, 00100019, 00100000, NIL, NIL, NIL, NIL, NIL, NIL,0,0,0,0, 0.00008013665501093402, 0.000027208085072354917
002, 3, 1648502987.152575, Start, 3, 00100000, 00100000, 00100019, NIL, NIL, NIL, 00100019, 00100000, NIL,0,0,0,0, 0.00028226209987263103, 0.0003732706344133993
002, 4, 1648503102.717343, Introduction, 1, 00100000, 00100000, 00100019, NIL, NIL, NIL, 00100000, 00100019, NIL,1,0,1,0, 0.0006932533047072655, 0.001533100138156831
002, 5, 1648503146.252121, Navigation_1, 1, 0010cd90, 00100000, 0010cd90, 00100019, NIL, NIL, 00100000, 00100019, NIL,0,0,0,0, 0.0010997002646959064, 0.0020767982136105784
002, 6, 1648503169.519918, Navigation_1, 2, 00100000, 00100000, 0010cd90, 00100019, NIL, NIL, 0010cd90, 00100000, 00100019,1,1,0,0, 0.001119592869777611, 0.002484907137775546
002, 7, 1648503189.865761, Navigation_2, 1, 0010cd90, 00100000, 0010cd90, 00100019, NIL, NIL, 00100000, 0010cd90, 00100019,1,1,0,0, 0.000938504801104438, 0.002920417552987557
002, 8, 1648503198.916320, Navigation_2, 2, 00100000, 00100000, 0010cd90, 00100019, NIL, NIL, 0010cd90, 00100000, 00100019,1,1,0,0, 0.000912969138992929, 0.003191195137851946
002, 9, 1648503212.021763, Navigation_3, 1, 00100034, 00100000, 00100034, 0010cd90, 00100019, NIL, 00100000, 0010cd90, 00100019,0,0,0,0, 0.001138346768437614, 0.00325485128837491
002, 10, 1648503298.776521, Navigation_3, 2, 00100000, 00100000, 0010cd90, 00100034, 00100019, NIL, 00100000, 0010cd90, 00100034,1,1,0,0, 0.001662303395693902, 0.004781709028473119
002, 11, 1648503451.107482, String_Search_1, 1, 0014069b, 00100000, 0010cd90, 0014069b, 00100034, 00100019, 00100000, 0010cd90, 00100034,0,0,0,0, 0.002819473869143027, 0.006975628040659286
002, 12, 1648503451.504035, String_Search_1, 2, 0014069b, 0014069b, 00100000, 0010cd90, 00100034, 00100019, 0014069b, 00100000, 0010cd90,0,0,0,0, 0.0022876596864515315, 0.0070085975578211826
002, 13, 1648503461.318369, String_Search_1, 3, 0014069b, 0014069b, 00100000, 0010cd90, 00100034, 00100019, 0014069b, 00100000, 0010cd90,1,1,0,0, 0.002356737555306097, 0.007374718033527179
002, 14, 1648503471.279593, String_Search_1, 4, 00140699, 0014069b, 00140699, 00100000, 0010cd90, 00100034, 0014069b, 00100000, 0010cd90,0,0,0,0, 0.002555202731065243, 0.007743644886111435
002, 15, 1648503499.077716, String_Search_1, 5, 00100000, 00100000, 0014069b, 00140699, 0010cd90, 00100034, 0014069b, 00100000, 0010cd90,1,0,1,0, 0.0027596017973114326, 0.008630350114735999
002, 16, 1648503575.822620, String_Search_2, 1, 0014069b, 00100000, 0014069b, 0010cd90, 00140699, 00100034, 0014069b, 00100000, 00140699,1,1,0,0, 0.0032100957140155945, 0.010587840604177343
002, 17, 1648503576.051403, String_Search_2, 2, 0014069b, 0014069b, 00100000, 0010cd90, 00140699, 00100034, 0014069b, 00140699, 00100000,1,1,0,0, 0.003101375105751013, 0.010614176734411472
002, 18, 1648503598.939557, String_Search_2, 3, 00100000, 00100000, 0014069b, 0010cd90, 00140699, 00100034, 0014069b, 00100000, 0010cd90,1,0,0,1, 0.003232476525716979, 0.010862124004669786
002, 19, 1648503695.103727, Cross_Reference_1, 1, 0014069b, 0014069b, 00100000, 0010cd90, 00140699, 00100034, 0014069b, 00100000, 00140699,1,1,0,0, 0.003678962401878502, 0.01320703465769195
002, 20, 1648503695.441400, Cross_Reference_1, 2, 0014069b, 0014069b, 00100000, 0010cd90, 00140699, 00100034, 0014069b, 00100000, 00140699,1,1,0,0, 0.003598889797242219, 0.013240019732781768
002, 21, 1648503719.409105, Cross_Reference_1, 3, 0014069b, 0014069b, 00100000, 0010cd90, 00140699, 00100034, 0014069b, 00100000, 00140699,1,1,0,0, 0.003728262808456561, 0.013709948309686908
002, 22, 1648503719.750015, Cross_Reference_1, 4, 001191be, 001191be, 0014069b, 00100000, 0010cd90, 00140699, 0014069b, 00100000, 00140699,0,0,0,0, 0.003756316841570836, 0.013013867600566595
002, 23, 1648503753.755999, Cross_Reference_1, 5, 00100000, 0014069b, 00100000, 001191be, 0010cd90, 00140699, 0014069b, 00100000, 0010cd90,1,0,1,0, 0.004101294324723965, 0.01415153859361426
002, 24, 1648503767.153970, Cross_Reference_2, 1, 0014069b, 0014069b, 00100000, 001191be, 0010cd90, 00140699, 0014069b, 00100000, 001191be,1,1,0,0, 0.0041826045779354, 0.014644870616026269
002, 25, 1648503778.385238, Cross_Reference_2, 2, 0014069b, 0014069b, 00100000, 001191be, 0010cd90, 00140699, 0014069b, 00100000, 001191be,1,1,0,0, 0.004250671878596353, 0.015114974663753245
002, 26, 1648503778.849157, Cross_Reference_2, 3, 001191be, 001191be, 0014069b, 00100000, 0010cd90, 00140699, 0014069b, 00100000, 001191be,1,0,0,1, 0.0039325206559716235, 0.014964097476885867
002, 27, 1648503829.602092, Cross_Reference_2, 4, 0011022e, 0014069b, 00100000, 001191be, 0011022e, 0010cd90, 0014069b, 00100000, 001191be,0,0,0,0, 0.004622519535562367, 0.016184917788516075
002, 28, 1648503850.845964, Step_into_function_1, 1, 0011022e, 0014069b, 00100000, 0011022e, 001191be, 0010cd90, 0014069b, 00100000, 0011022e,0,0,0,0, 0.0045411084822485105, 0.016896547062921596
002, 29, 1648503859.945719, Step_into_function_1, 2, 0011022d, 0014069b, 00100000, 0011022d, 0011022e, 001191be, 0014069b, 0011022e, 00100000,0,0,0,0, 0.0047411971329053395, 0.017279868663287252
002, 30, 1648503863.392785, Step_into_function_1, 3, 0011022e, 0011022e, 0014069b, 00100000, 0011022d, 001191be, 0011022d, 0011022e, 0014069b,1,0,1,0, 0.004681539319946985, 0.01747842411338599
002, 31, 1648503955.649845, Step_into_function_1, 4, 0011022e, 0014069b, 0011022e, 00100000, 001191be, 0011022d, 0011022d, 0011022e, 0014069b,1,0,1,0, 0.005451452491285738, 0.020687301033051907
002, 32, 1648503957.621270, Step_into_function_1, 5, 0011022e, 0011022e, 0014069b, 00100000, 001191be, 0011022d, 0011022e, 0011022d, 0014069b,1,0,1,0, 0.005383310070815918, 0.020805352769200983
002, 33, 1648503960.134607, Step_into_function_1, 6, 0011022e, 0011022e, 0014069b, 00100000, 001191be, 0011022d, 0011022e, 0011022d, 0014069b,1,1,0,0, 0.0053878208988769345, 0.020978578395910028
002, 34, 1648503962.606782, Step_into_function_1, 7, 0011022e, 0011022e, 0014069b, 00100000, 001191be, 0011022d, 0011022e, 0011022d, 0014069b,1,1,0,0, 0.005397026135010398, 0.02103940717441526
002, 35, 1648503962.902752, Step_into_function_1, 8, 00351428, 00351428, 0011022e, 0014069b, 00100000, 001191be, 0011022e, 0014069b, 00100000,0,0,0,0, 0.0054243346934926984, 0.021023868197393637
002, 36, 1648504004.498425, Step_into_function_1, 9, 001191a0, 0011022e, 0014069b, 00100000, 001191a0, 00351428, 0011022e, 0014069b, 00100000,0,0,0,0, 0.006266159389166951, 0.02267610174765956
002, 37, 1648504011.785742, Function_xref_1, 1, 001191a0, 0011022e, 001191a0, 0014069b, 00100000, 00351428, 0011022e, 0014069b, 001191a0,0,0,0,0, 0.0061304803436524336, 0.023034444756419643
002, 38, 1648504018.081600, Function_xref_1, 2, 001191a0, 001191a0, 0011022e, 0014069b, 00100000, 00351428, 001191a0, 0011022e, 0014069b,1,0,0,1, 0.006155821769905135, 0.023391955094602315
002, 39, 1648504048.609701, Function_xref_1, 3, 001191a0, 001191a0, 0011022e, 0014069b, 00100000, 001191be, 001191a0, 0011022e, 0014069b,1,1,0,0, 0.006432998435027835, 0.024852830729369304
002, 40, 1648504048.929424, Function_xref_1, 4, 0010755d, 0010755d, 001191a0, 0011022e, 0014069b, 00100000, 001191a0, 0011022e, 0014069b,0,0,0,0, 0.006461539322680326, 0.024636778530882635
002, 41, 1648504092.238207, Function_xref_1, 5, 00110208, 0011022e, 0014069b, 001191a0, 00100000, 00110208, 0011022e, 001191a0, 0014069b,0,0,0,0, 0.007396272815259011, 0.02652910822864014
002, 42, 1648504105.327431, Annotation_1, 1, 00110208, 0011022e, 0014069b, 00110208, 001191a0, 00100000, 0011022e, 0014069b, 001191a0,0,0,0,0, 0.007351839154876647, 0.02716069322527448
002, 43, 1648504113.144112, Annotation_1, 2, 0011020b, 0011022e, 0014069b, 001191a0, 0011020b, 00110208, 00110208, 0011022e, 0014069b,0,0,0,0, 0.007582139173009725, 0.027601342583556846
002, 44, 1648504158.025573, Annotation_1, 3, 00110244, 0011022e, 0014069b, 001191a0, 00100000, 00110208, 0011022e, 0014069b, 001191a0,0,0,0,0, 0.008598387737658504, 0.02972736389817421
002, 45, 1648504158.405948, Annotation_1, 4, 003512f8, 003512f8, 0011022e, 0014069b, 001191a0, 00100000, 00110244, 0011022e, 0014069b,0,0,0,0, 0.008632826078940732, 0.029770698533315744
002, 46, 1648504162.675933, Annotation_1, 5, 003512f6, 003512f6, 003512f8, 0011022e, 0014069b, 001191a0, 003512f8, 00110244, 0011022e,0,0,0,0, 0.008867887774000039, 0.030105160444571292
002, 47, 1648504164.498799, Annotation_1, 6, 00110208, 00110208, 0011022e, 0014069b, 003512f6, 003512f8, 003512f6, 00110208, 0011022e,0,0,0,0, 0.008765915956502751, 0.030274454448601572
002, 48, 1648504168.684268, Annotation_1, 7, 00110244, 00110244, 00110208, 0011022e, 0014069b, 003512f6, 003512f8, 00110244, 00110208,0,0,0,0, 0.008655529942544482, 0.030647579177050327
002, 49, 1648504198.930750, Annotation_1, 8, 00110208, 00110208, 0014069b, 0011022e, 00100000, 001191a0, 00110244, 00110208, 003512f6,1,0,0,1, 0.00938341004582955, 0.03264915639629041
002, 50, 1648504213.600588, Annotation_1, 9, 00110208, 00110208, 0014069b, 0011022e, 00100000, 001191a0, 00110208, 00110244, 0011020b,1,0,1,0, 0.009635983521414988, 0.033596564188293265
002, 51, 1648504220.729240, Annotation_1, 10, 00110211, 00110208, 0014069b, 0011022e, 00110211, 00100000, 00110208, 00110244, 0014069b,0,0,0,0, 0.0098901519787051, 0.03411283788343109
002, 52, 1648504248.481515, Annotation_1, 11, 00110211, 00110208, 0014069b, 0011022e, 00110211, 00100000, 00110208, 0014069b, 0011022e,0,0,0,0, 0.010370159249260819, 0.035912646099722396
002, 53, 1648504265.687128, Annotation_1, 12, 001191ae, 00110208, 0014069b, 0011022e, 00100000, 00110211, 00110208, 0014069b, 00110211,0,0,0,0, 0.01086070360002114, 0.03703581285719039
002, 54, 1648504276.366841, Relabel_1, 1, 001191ae, 001191ae, 00110208, 0014069b, 0011022e, 00100000, 00110208, 0014069b, 0011022e,0,0,0,0, 0.01094198410884598, 0.037785905361607516
002, 55, 1648504284.150782, Relabel_1, 2, 001191ae, 001191ae, 00110208, 0014069b, 0011022e, 00100000, 001191ae, 00110208, 0014069b,0,0,0,0, 0.011036101176245823, 0.038380231850061994
002, 56, 1648504314.405545, Relabel_1, 3, 001191ae, 001191ae, 00110208, 0014069b, 0011022e, 00100000, 001191ae, 00110208, 0014069b,1,1,0,0, 0.011515457368528161, 0.04044259843164676
002, 57, 1648504322.156408, Relabel_1, 4, 00117daf, 001191ae, 00110208, 0014069b, 00117daf, 0011022e, 001191ae, 00110208, 0014069b,0,0,0,0, 0.011762359610751434, 0.040705524271779654
002, 58, 1648504332.391959, Undefined_Function_1, 1, 00117daf, 00117daf, 001191ae, 0014069b, 00110208, 0011022e, 001191ae, 00110208, 0014069b,0,0,0,0, 0.0118741515702902, 0.04142940715839289
002, 59, 1648504346.179407, Undefined_Function_1, 2, 00117daf, 00117daf, 001191ae, 0014069b, 00110208, 0011022e, 00117daf, 001191ae, 0014069b,0,0,0,0, 0.012064610994401282, 0.04241643591272824
002, 60, 1648504351.420212, Undefined_Function_1, 3, 00117daf, 00117daf, 001191ae, 0014069b, 00110208, 0011022e, 00117daf, 001191ae, 0014069b,1,1,0,0, 0.012115335254043501, 0.042846444715877674
002, 61, 1648504352.864293, Undefined_Function_1, 4, 00117daf, 00117daf, 001191ae, 0014069b, 00110208, 0011022e, 00117daf, 001191ae, 0014069b,1,1,0,0, 0.012116837765495466, 0.0428678067971943
002, 62, 1648504364.977540, Undefined_Function_1, 5, 00117daf, 00117daf, 001191ae, 0014069b, 00110208, 0011022e, 00117daf, 001191ae, 0014069b,1,1,0,0, 0.012299093314556279, 0.04360318718422764
002, 63, 1648504369.042211, Undefined_Function_1, 6, 00117daf, 00117daf, 001191ae, 0014069b, 00110208, 0011022e, 00117daf, 001191ae, 0014069b,1,1,0,0, 0.012347443107584836, 0.043815986676010985
002, 64, 1648504369.745025, Undefined_Function_1, 7, 00117daf, 00117daf, 001191ae, 0014069b, 00110208, 0011022e, 00117daf, 001191ae, 0014069b,1,1,0,0, 0.012345850132383806, 0.04383716589812194
002, 65, 1648504373.230389, Undefined_Function_1, 8, 00117daf, 00117daf, 001191ae, 0014069b, 00110208, 0011022e, 00117daf, 001191ae, 0014069b,1,1,0,0, 0.012396453657720944, 0.0440364701561659
002, 66, 1648504384.619467, Undefined_Function_1, 9, 00117daf, 00117daf, 001191ae, 0014069b, 00110208, 0011022e, 00117daf, 001191ae, 0014069b,1,1,0,0, 0.012556887288396275, 0.04466930048618702
002, 67, 1648504389.792344, Relabel_2, 1, 00117daf, 00117daf, 001191ae, 0014069b, 00110208, 0011022e, 00117daf, 001191ae, 0014069b,1,1,0,0, 0.012623955998491013, 0.04494297127640875
002, 68, 1648504424.769271, Relabel_2, 2, 00117daf, 00117daf, 0014069b, 001191ae, 0011022e, 00110208, 00117daf, 0014069b, 001191ae,1,1,0,0, 0.013090058971535617, 0.04674922441781732
002, 69, 1648504432.166632, Relabel_2, 3, 00117daf, 00117daf, 0014069b, 001191ae, 0011022e, 00110208, 00117daf, 0014069b, 001191ae,1,1,0,0, 0.013179045348199131, 0.04710540050304336
002, 70, 1648504476.305940, Relabel_2, 4, 00117daf, 00117daf, 0014069b, 0011022e, 001191ae, 00110208, 00117daf, 0014069b, 0011022e,1,1,0,0, 0.013726856182529489, 0.04919211700068472
002, 71, 1648504478.285211, Relabel_2, 5, 00117daf, 00117daf, 0014069b, 0011022e, 001191ae, 00110208, 00117daf, 0014069b, 0011022e,1,1,0,0, 0.013739636902068132, 0.04926728010911303
002, 72, 1648504501.324510, Relabel_2, 6, 00117daf, 00117daf, 0014069b, 0011022e, 00110208, 001191ae, 00117daf, 0014069b, 0011022e,1,1,0,0, 0.01401597792781205, 0.05030401096549273
002, 73, 1648504526.036709, Relabel_2, 7, 00117daf, 00117daf, 0014069b, 0011022e, 00100000, 00110208, 00117daf, 0014069b, 0011022e,1,1,0,0, 0.014299170454677169, 0.05137528332742486
002, 74, 1648504540.330987, Relabel_2, 8, 00100000, 00117daf, 00100000, 0014069b, 0011022e, 00110208, 00117daf, 0014069b, 00100000,0,0,0,0, 0.014371151478061756, 0.051977542392210516
002, 75, 1648504550.553029, Entry_Point_Function_1, 1, 0014069b, 00117daf, 0014069b, 00100000, 0011022e, 00110208, 00117daf, 0014069b, 00100000,1,0,1,0, 0.014428260727637648, 0.05255221519449799
002, 76, 1648504561.429608, Entry_Point_Function_1, 2, 0014069b, 00117daf, 0014069b, 00100000, 0011022e, 00110208, 00117daf, 0014069b, 00100000,1,0,1,0, 0.014538141501703796, 0.05321658372249541
002, 77, 1648504561.755910, Entry_Point_Function_1, 3, 001191be, 001191be, 00117daf, 0014069b, 00100000, 0011022e, 0014069b, 00117daf, 00100000,0,0,0,0, 0.013920359241531254, 0.052912921446232504
002, 78, 1648504590.839854, Entry_Point_Function_1, 4, 00107540, 00117daf, 0014069b, 00100000, 0011022e, 001191be, 00117daf, 0014069b, 00100000,0,0,0,0, 0.01465291096774121, 0.05397757552027456
002, 79, 1648504591.095954, Entry_Point_Function_1, 5, 00107540, 00107540, 00117daf, 0014069b, 00100000, 0011022e, 00107540, 00117daf, 0014069b,0,0,0,0, 0.014432462312721744, 0.05401333070104159
002, 80, 1648504606.670970, Entry_Point_Function_1, 6, 00107540, 00117daf, 00107540, 0014069b, 00100000, 0011022e, 00117daf, 00107540, 0014069b,1,1,0,0, 0.014678361307113618, 0.05510512909062957
002, 81, 1648504626.859134, Entry_Point_Function_2, 1, 00107564, 00117daf, 0014069b, 00107540, 00100000, 0011022e, 00117daf, 00107540, 0014069b,0,0,0,0, 0.015152035142581483, 0.0564243097212031
002, 82, 1648504627.243293, Entry_Point_Function_2, 2, 0034ffd0, 0034ffd0, 00117daf, 0014069b, 00107540, 00100000, 00107564, 00117daf, 0014069b,0,0,0,0, 0.015187010595258475, 0.05647460183235116
002, 83, 1648504637.457541, Entry_Point_Function_2, 3, 0034ffd0, 00117daf, 0034ffd0, 0014069b, 00107540, 00100000, 00117daf, 0014069b, 00107540,0,0,0,0, 0.015406282664016975, 0.0573134174417913
002, 84, 1648504637.745975, Entry_Point_Function_2, 4, 00107564, 00107564, 00117daf, 0034ffd0, 0014069b, 00107540, 0034ffd0, 00117daf, 0014069b,0,0,0,0, 0.015181190501817193, 0.057357676640159165
002, 85, 1648504639.553134, Entry_Point_Function_2, 5, 00107564, 00107564, 00117daf, 0034ffd0, 0014069b, 00107540, 0034ffd0, 00117daf, 00107564,0,0,0,0, 0.015215462042569553, 0.05758303349854391
002, 86, 1648504641.543932, Entry_Point_Function_2, 6, 0034ffd0, 0034ffd0, 00107564, 00117daf, 0014069b, 00107540, 0034ffd0, 00107564, 00117daf,1,1,0,0, 0.01520675156188467, 0.05783336648701841
002, 87, 1648504644.042607, Entry_Point_Function_2, 7, 0034ffd0, 0034ffd0, 00117daf, 00107564, 0014069b, 00107540, 00107564, 0034ffd0, 00117daf,1,1,0,0, 0.01523810943313956, 0.058150733812922295
002, 88, 1648504644.394216, Entry_Point_Function_2, 8, 003514f8, 003514f8, 0034ffd0, 00117daf, 00107564, 0014069b, 0034ffd0, 00107564, 00117daf,0,0,0,0, 0.0152715729689397, 0.05809063400739887
002, 89, 1648504670.287142, Entry_Point_Function_2, 9, 00107540, 00117daf, 0034ffd0, 00107540, 0014069b, 00107564, 00117daf, 00107564, 00107540,0,0,0,0, 0.01581370490694948, 0.060439740854849475
002, 90, 1648504674.732319, Entry_Point_Function_2, 10, 00107564, 00117daf, 00107564, 0034ffd0, 00107540, 0014069b, 0034ffd0, 00117daf, 00107540,1,0,1,0, 0.01584187647608323, 0.06086764878722202
002, 91, 1648504675.087796, Entry_Point_Function_2, 11, 0034ffd0, 0034ffd0, 00117daf, 00107564, 00107540, 0014069b, 0034ffd0, 00107564, 00117daf,1,1,0,0, 0.01579631963166422, 0.06092464515475944
002, 92, 1648504700.500734, Entry_Point_Function_2, 12, 00107564, 00117daf, 00107564, 0034ffd0, 0014069b, 00107540, 00107564, 0034ffd0, 00117daf,1,0,1,0, 0.016226314391943508, 0.06279340302960854
002, 93, 1648504700.885623, Entry_Point_Function_2, 13, 001191a0, 001191a0, 00117daf, 00107564, 0034ffd0, 0014069b, 00107564, 0034ffd0, 00117daf,0,0,0,0, 0.01595748872028816, 0.06284997244500809
002, 94, 1648504712.042701, Entry_Point_Function_2, 14, 00117daf, 00117daf, 00107564, 0034ffd0, 0014069b, 001191a0, 00117daf, 00107564, 0034ffd0,1,0,0,1, 0.016188453150296128, 0.06392790782603766
002, 95, 1648504719.020413, Entry_Point_Function_2, 15, 00107540, 00117daf, 00107540, 00107564, 0034ffd0, 0014069b, 00117daf, 00107564, 00107540,0,0,0,0, 0.0162458835062838, 0.0646121054695189
002, 96, 1648504721.741099, Entry_Point_Function_2, 16, 00107564, 00107564, 00117daf, 00107540, 0034ffd0, 0014069b, 0034ffd0, 00117daf, 00107540,1,0,1,0, 0.016255594509709727, 0.06492070653336444
002, 97, 1648504722.131539, Entry_Point_Function_2, 17, 0034ffd0, 0034ffd0, 00107564, 00117daf, 00107540, 0014069b, 00107564, 0034ffd0, 00117daf,1,1,0,0, 0.016204903062123337, 0.06498725285493971
002, 98, 1648504739.656996, Entry_Point_Function_2, 18, 00107564, 00117daf, 00107564, 0034ffd0, 00107540, 0014069b, 0034ffd0, 00107564, 001191a0,1,1,0,0, 0.016508629954749804, 0.06655870742572378
002, 99, 1648504740.077940, Entry_Point_Function_2, 19, 001191a0, 001191a0, 00117daf, 00107564, 0034ffd0, 00107540, 00107564, 00117daf, 0034ffd0,1,0,0,1, 0.016391259966786878, 0.06633608670334401
002, 100, 1648504763.585600, Entry_Point_Function_2, 20, 001171a0, 00117daf, 00107564, 0034ffd0, 001191a0, 00107540, 00117daf, 00107564, 00107540,0,0,0,0, 0.016999663380549992, 0.06804023262199368
002, 101, 1648504778.664133, Relabel_3, 1, 001171a0, 00117daf, 00107564, 0034ffd0, 00107540, 0014069b, 00117daf, 00107564, 0034ffd0,0,0,0,0, 0.017093569064821377, 0.06931124740592907
002, 102, 1648504807.716961, Relabel_3, 2, 0011719b, 00117daf, 00107564, 0034ffd0, 0014069b, 00107540, 00117daf, 00107564, 0034ffd0,0,0,0,0, 0.017769111067497203, 0.0716523726679653
002, 103, 1648504819.002639, Relabel_3, 3, 001171a8, 00117daf, 00107564, 0034ffd0, 0014069b, 00107540, 00117daf, 00107564, 0034ffd0,0,0,0,0, 0.01812125123686111, 0.07261460445898403
002, 104, 1648504820.704700, Relabel_3, 4, 001171a2, 00117daf, 001171a2, 00107564, 0034ffd0, 0014069b, 00117daf, 001171a8, 00107564,0,0,0,0, 0.018220748123588277, 0.07280469672493992
002, 105, 1648504842.945794, Relabel_3, 5, 001171a0, 00117daf, 00107564, 0034ffd0, 001171a0, 0014069b, 00117daf, 00107564, 0011719b,0,0,0,0, 0.018746170857370664, 0.07480629484283938
002, 106, 1648504859.811032, Relabel_3, 6, 001170d0, 00117daf, 00107564, 0034ffd0, 0014069b, 001171a0, 00117daf, 00107564, 001171a0,0,0,0,0, 0.01932119318140615, 0.07629245636345841
002, 107, 1648504864.764163, Relabel_3, 7, 00117daf, 00117daf, 00107564, 0034ffd0, 0014069b, 001171a0, 00117daf, 00107564, 00107540,1,1,0,0, 0.019435365410030107, 0.07678644811805871
002, 108, 1648504869.700628, Relabel_3, 8, 001171a0, 00117daf, 001171a0, 00107564, 0034ffd0, 0014069b, 00117daf, 001170d0, 00107564,0,0,0,0, 0.019485480200146142, 0.07731267944835832
002, 109, 1648504887.806350, Relabel_3, 9, 001170d0, 00117daf, 001171a0, 00107564, 0034ffd0, 0014069b, 00117daf, 001171a0, 00107564,1,0,1,0, 0.01975257517851847, 0.07907503569199677
002, 110, 1648504894.493466, Relabel_3, 10, 001171a0, 00117daf, 001171a0, 00107564, 0034ffd0, 0014069b, 001170d0, 00117daf, 001171a0,1,0,1,0, 0.01985460343424506, 0.07976561063206562
002, 111, 1648504901.409587, Relabel_3, 11, 001171a0, 001171a0, 00117daf, 00107564, 0034ffd0, 0014069b, 001171a0, 00117daf, 001170d0,1,0,0,1, 0.019982319534651394, 0.08050951974833725
002, 112, 1648504933.603381, Relabel_3, 12, 001191a0, 00117daf, 001171a0, 001191a0, 00107564, 0014069b, 00117daf, 001171a0, 00107564,0,0,0,0, 0.02054771634429101, 0.08358030625337566
002, 113, 1648504934.187357, Relabel_3, 13, 001191a0, 001191a0, 00117daf, 001171a0, 00107564, 0014069b, 001191a0, 00117daf, 001171a0,0,0,0,0, 0.020482170140287966, 0.08366496683184477
002, 114, 1648504941.795163, Relabel_3, 14, 001191a0, 001191a0, 00117daf, 001171a0, 00107564, 0014069b, 001191a0, 00117daf, 001171a0,1,1,0,0, 0.020633936134664306, 0.08452722305712096
002, 115, 1648504952.066190, Relabel_3, 15, 001191a0, 001191a0, 00117daf, 001171a0, 00107564, 0014069b, 001191a0, 00117daf, 001171a0,1,1,0,0, 0.020814185727076707, 0.0849339717360002
002, 116, 1648504991.247935, Relabel_3, 16, 00110210, 00117daf, 001191a0, 001171a0, 00107564, 0014069b, 001191a0, 00117daf, 001171a0,0,0,0,0, 0.021780144916127377, 0.08825265489269926
002, 117, 1648505023.440797, Label_Assignment_1, 1, 00110221, 00117daf, 001191a0, 001171a0, 00107564, 0014069b, 00117daf, 001191a0, 001171a0,0,0,0,0, 0.022658707123363042, 0.09102827117795965
002, 118, 1648505027.967595, Label_Assignment_1, 2, 00110210, 00117daf, 001191a0, 00110210, 001171a0, 00107564, 00110221, 00117daf, 001191a0,0,0,0,0, 0.02244159448580951, 0.09148373316778631
002, 119, 1648505041.726454, Label_Assignment_1, 3, 00110210, 00117daf, 001191a0, 00110210, 001171a0, 00107564, 00110210, 00117daf, 00110221,0,0,0,0, 0.022699914557088193, 0.0928184639694194
002, 120, 1648505094.315249, Label_Assignment_1, 4, 00110210, 00117daf, 001191a0, 00110210, 001171a0, 0014069b, 00110210, 00117daf, 001191a0,1,1,0,0, 0.02364679475476707, 0.09739151219119546
002, 121, 1648505131.684004, Label_Assignment_1, 5, 00110210, 00117daf, 00110210, 001191a0, 001171a0, 0014069b, 00110210, 00117daf, 001191a0,1,1,0,0, 0.024241814184087433, 0.10052520771589425
002, 122, 1648505136.372923, Label_Assignment_1, 6, 00110210, 00110210, 00117daf, 001191a0, 001171a0, 0014069b, 00110210, 00117daf, 001191a0,1,1,0,0, 0.024277886691523205, 0.10066770004206539
002, 123, 1648505138.094805, Label_Assignment_1, 7, 00110210, 00110210, 00117daf, 001191a0, 001171a0, 0014069b, 00110210, 00117daf, 001191a0,1,1,0,0, 0.02428600032643216, 0.10075529224954069
002, 124, 1648505151.204343, Label_Assignment_1, 8, 00110210, 00110210, 00117daf, 001191a0, 001171a0, 0014069b, 00110210, 00117daf, 001191a0,1,1,0,0, 0.02450047839282162, 0.10172519811431055
002, 125, 1648505174.938974, Label_Assignment_1, 9, 00110213, 00110210, 00117daf, 001191a0, 0014069b, 001171a0, 00110210, 00117daf, 001191a0,0,0,0,0, 0.025098705059017644, 0.1034177626918115
002, 126, 1648505179.557648, Label_Assignment_1, 10, 00110211, 00110210, 00117daf, 00110211, 001191a0, 0014069b, 00110210, 00117daf, 001191a0,0,0,0,0, 0.024572378098947627, 0.10384138998993651
002, 127, 1648505180.555971, Label_Assignment_1, 11, 00110211, 00110211, 00110210, 00117daf, 001191a0, 0014069b, 00110211, 00110210, 00117daf,0,0,0,0, 0.0245364835532512, 0.10396699719129174
002, 128, 1648505180.910009, Label_Assignment_1, 12, 00110250, 00110250, 00110211, 00110210, 00117daf, 001191a0, 00110211, 00110210, 00117daf,0,0,0,0, 0.024573827247604235, 0.10402966313618371
002, 129, 1648505187.538887, Label_Assignment_1, 13, 00110250, 00110210, 00110250, 00117daf, 00110211, 001191a0, 00110210, 00110211, 00117daf,0,0,0,0, 0.024762483859775093, 0.10482896677582157
002, 130, 1648505194.616623, Label_Assignment_1, 14, 00110211, 00110211, 00110210, 00117daf, 00110250, 001191a0, 00110250, 00110211, 00110210,1,0,1,0, 0.024902897128918525, 0.10563042994457425
002, 131, 1648505263.961022, Label_Assignment_1, 15, 00110210, 00110210, 00117daf, 001191a0, 00110211, 0014069b, 00110210, 00117daf, 00110250,1,0,0,1, 0.026253577873146354, 0.11186362248377486
002, 132, 1648505266.947716, Label_Assignment_1, 16, 00110210, 00110210, 00117daf, 001191a0, 00110211, 0014069b, 00110210, 00110213, 00117daf,1,1,0,0, 0.02627777407145155, 0.1121792285485323
002, 133, 1648505282.610820, Label_Assignment_1, 17, 00110211, 00110210, 00117daf, 00110211, 001191a0, 0014069b, 00110210, 00110211, 00117daf,0,0,0,0, 0.02651090232156834, 0.11369985535540914
002, 134, 1648505318.360162, Label_Assignment_1, 18, 00110210, 00110210, 00117daf, 00110211, 001191a0, 0014069b, 00110210, 00110211, 00117daf,1,1,0,0, 0.027112847446021132, 0.11694151657298159
002, 135, 1648505328.506269, Label_Assignment_1, 19, 00110211, 00110210, 00110211, 00117daf, 001191a0, 0014069b, 00110210, 00110211, 00117daf,1,0,1,0, 0.027235786054072356, 0.11792237134358724
002, 136, 1648505335.009478, Label_Assignment_1, 20, 00110211, 00110211, 00110210, 00117daf, 001191a0, 0014069b, 00110210, 00110211, 00110250,1,0,1,0, 0.027320637093188046, 0.11860551712666087
002, 137, 1648505346.751362, Label_Assignment_1, 21, 00110211, 00110211, 00110210, 00117daf, 001191a0, 0014069b, 00110211, 00110210, 00110250,1,0,1,0, 0.027501848869481222, 0.11983114605900416
002, 138, 1648505380.965517, Label_Assignment_1, 22, 00129e70, 00110211, 00110210, 00117daf, 001191a0, 0014069b, 00110211, 00110210, 00117daf,0,0,0,0, 0.02830705181910454, 0.12313160241967194
002, 139, 1648505413.828807, Label_Assignment_2, 1, 00129e70, 00110210, 00110211, 00117daf, 001191a0, 0014069b, 00110210, 00110211, 00117daf,0,0,0,0, 0.028690644757361477, 0.12618944740573426
002, 140, 1648505506.261075, Label_Assignment_2, 2, 00129e80, 00117daf, 00110210, 00110211, 001191a0, 0014069b, 00110210, 00117daf, 00110211,0,0,0,0, 0.030564570793893, 0.13403558145649971
002, 141, 1648505508.239147, Label_Assignment_2, 3, 00129e80, 00129e80, 00117daf, 00110210, 00110211, 001191a0, 00129e80, 00110210, 00117daf,0,0,0,0, 0.03021306154646786, 0.13425334399753983
002, 142, 1648505578.232479, Label_Assignment_2, 4, 00129ead, 00117daf, 00110210, 00110211, 001191a0, 0014069b, 00117daf, 00110210, 00110211,0,0,0,0, 0.03177263028776181, 0.14020035158671978
002, 143, 1648505603.570843, Label_Assignment_2, 5, 00129e85, 00117daf, 00110210, 00110211, 001191a0, 0014069b, 00117daf, 00110210, 00110211,0,0,0,0, 0.03244480118460983, 0.14237266553297995
002, 144, 1648505625.551129, Label_Assignment_2, 6, 00129e70, 00117daf, 00110210, 00110211, 00129e70, 001191a0, 00117daf, 00110210, 00110211,0,0,0,0, 0.03266720219628202, 0.14431290795040408
002, 145, 1648505627.296907, Label_Assignment_2, 7, 00129e85, 00129e85, 00117daf, 00110210, 00110211, 00129e70, 00129e70, 00117daf, 00110210,0,0,0,0, 0.03243654979683375, 0.14451592787967063
002, 146, 1648505630.727897, Label_Assignment_2, 8, 00129e85, 00129e85, 00117daf, 00110210, 00110211, 001191a0, 00129e85, 00129e70, 00117daf,0,0,0,0, 0.03248728697452781, 0.14492269067101293
002, 147, 1648505638.461878, Label_Assignment_2, 9, 00129ead, 00129e85, 00117daf, 00110210, 00129ead, 00110211, 00129e85, 00117daf, 00110210,0,0,0,0, 0.032228140334579804, 0.1457987039511767
002, 148, 1648505642.870509, Label_Assignment_2, 10, 00129e70, 00129e70, 00129e85, 00117daf, 00110210, 00110211, 00129e85, 00129e70, 00129ead,0,0,0,0, 0.03222126682119855, 0.14632999812607844
002, 149, 1648505645.741624, Label_Assignment_2, 11, 00129e70, 00129e70, 00129e85, 00117daf, 00110210, 00110211, 00129e85, 00129e70, 00129e80,1,0,1,0, 0.032252837536388176, 0.1467097166377216
002, 150, 1648505656.922123, Label_Assignment_2, 12, 00129e70, 00129e70, 00117daf, 00110210, 00129e85, 00110211, 00129e70, 00129e85, 00129e80,1,0,1,0, 0.03245898788486487, 0.14806091894911594
002, 151, 1648505663.320088, Label_Assignment_2, 13, 00129e70, 00129e70, 00117daf, 00110210, 00129e85, 00110211, 00129e70, 00129e85, 00129e80,1,1,0,0, 0.0325590846270653, 0.14885213158049734
002, 152, 1648505691.301220, Label_Assignment_2, 14, 00129e70, 00129e70, 00117daf, 00110210, 00110211, 00129e85, 00129e70, 00129e85, 00129e80,1,1,0,0, 0.03301729128581582, 0.15158698153836528
002, 153, 1648505710.846385, Label_Assignment_2, 15, 00110250, 00129e70, 00117daf, 00110210, 00110211, 00110250, 00129e70, 00117daf, 00129e85,0,0,0,0, 0.03294613772575032, 0.15332481923014718
002, 154, 1648505729.557146, Function_Graph_Interaction_1, 1, 00110250, 00129e70, 00117daf, 00110250, 00110210, 00110211, 00129e70, 00110211, 00110210,0,0,0,0, 0.0331713330176358, 0.15518095511103144
002, 155, 1648505791.563099, Function_Graph_Interaction_1, 2, 00110276, 00129e70, 00117daf, 00110210, 00110211, 00110250, 00129e70, 00117daf, 00110210,0,0,0,0, 0.034461137614922595, 0.16092497410098355
002, 156, 1648505808.738623, Function_Graph_Interaction_1, 3, 00110250, 00129e70, 00110250, 00117daf, 00110210, 00110211, 00110276, 00129e70, 00110250,0,0,0,0, 0.03467363013394225, 0.16256934454703784
002, 157, 1648505966.320628, Function_Graph_1, 1, 00110360, 00117daf, 00129e70, 00110210, 00110211, 001191a0, 00117daf, 00110210, 00129e70,0,0,0,0, 0.03764241713686084, 0.17581115522164464
002, 158, 1648506024.608227, Function_Graph_1, 2, 00110269, 00117daf, 00129e70, 00110210, 00110211, 001191a0, 00117daf, 00129e70, 00110210,0,0,0,0, 0.03889161283232878, 0.18053201899483776
002, 159, 1648506024.630469, Function_Graph_1, 3, 00110269, 00110269, 00117daf, 00129e70, 00110210, 00110211, 00110269, 00117daf, 00129e70,0,0,0,0, 0.038551978367210055, 0.1805404921057768
002, 160, 1648506105.552748, Function_Graph_1, 4, 00110269, 00117daf, 00129e70, 00110210, 00110269, 00110211, 00117daf, 00110269, 00129e70,1,1,0,0, 0.039881769585839416, 0.18734779073140162
002, 161, 1648506119.477208, Function_Graph_1, 5, 00110250, 00110250, 00117daf, 00110210, 00129e70, 00110269, 00110269, 00117daf, 00110250,0,0,0,0, 0.03997628844219602, 0.18858349540477576
002, 162, 1648506127.363606, Function_Graph_2, 1, 00110250, 00110250, 00117daf, 00110210, 00129e70, 00110211, 00110250, 00110269, 00110211,1,0,0,1, 0.040056252115686565, 0.1893516062847845
002, 163, 1648506164.639118, Function_Graph_2, 2, 00110269, 00110250, 00117daf, 00110269, 00110210, 00129e70, 00110250, 00110269, 00117daf,1,0,1,0, 0.040552466791892006, 0.1927193489356317
002, 164, 1648506164.965620, Function_Graph_2, 3, 00351060, 00351060, 00110250, 00117daf, 00110269, 00110210, 00110269, 00110250, 00117daf,0,0,0,0, 0.040583308637796446, 0.19277254471119157
002, 165, 1648506188.561564, Function_Graph_2, 4, 00110269, 00110269, 00117daf, 00110250, 00110210, 00129e70, 00110269, 00110250, 00351060,1,1,0,0, 0.041078908395807585, 0.1951197766077703
002, 166, 1648506210.853352, Function_Graph_2, 5, 00110269, 00110269, 00117daf, 00110250, 00110210, 00129e70, 00110269, 00110250, 00117daf,1,1,0,0, 0.04145743413295098, 0.19727650372181574
002, 167, 1648506211.216004, Function_Graph_2, 6, 00351060, 00351060, 00110269, 00117daf, 00110250, 00110210, 00110269, 00110250, 00117daf,0,0,0,0, 0.04117914065033014, 0.19733641759978487
002, 168, 1648506226.865686, Function_Graph_2, 7, 00351060, 00351060, 00110269, 00117daf, 00110250, 00110210, 00110269, 00117daf, 00110250,0,0,0,0, 0.04144829488384672, 0.19904855299118782
002, 169, 1648506230.737108, Function_Graph_2, 8, 00351060, 00351060, 00110269, 00117daf, 00110250, 00110210, 00351060, 00110269, 00117daf,0,0,0,0, 0.041472394969441315, 0.1995136816931303
002, 170, 1648506237.040352, Function_Graph_2, 9, 00129e70, 00351060, 00129e70, 00110269, 00117daf, 00110250, 00351060, 00110269, 00129e70,0,0,0,0, 0.04149250382052564, 0.200282201455083
002, 171, 1648506265.326555, Function_Graph_2, 10, 00110250, 00110250, 00351060, 00110269, 00129e70, 00117daf, 00110250, 00110269, 00129e70,0,0,0,0, 0.041894790624137035, 0.20337819412320757
002, 172, 1648506271.758595, Function_Graph_2, 11, 00110250, 00110250, 00351060, 00110269, 00129e70, 00117daf, 00110269, 00110250, 00351060,1,1,0,0, 0.04195380185829321, 0.20412914926661463
002, 173, 1648506284.831484, Function_Graph_2, 12, 00110250, 00110250, 00351060, 00110269, 00117daf, 00129e70, 00110250, 00110269, 00351060,1,0,1,0, 0.042136282385320946, 0.20454601603065647
002, 174, 1648506289.943218, Function_Graph_2, 13, 0011026b, 00110250, 00110269, 0011026b, 00117daf, 00351060, 00110250, 00110269, 00351060,0,0,0,0, 0.042314739780377815, 0.20517247383321605
002, 175, 1648506296.079454, Function_Graph_2, 14, 00110269, 00110250, 00110269, 00117daf, 00351060, 00129e70, 00110250, 00110269, 00351060,1,0,1,0, 0.04240402745774657, 0.2059491257633657
002, 176, 1648506315.741755, Function_Graph_2, 15, 00110269, 00110269, 00110250, 00117daf, 00129e70, 00351060, 00110269, 00110250, 00351060,1,0,1,0, 0.04277865347238725, 0.2082659138852614
002, 177, 1648506332.945560, Function_Graph_2, 16, 00110269, 00110269, 00110250, 00117daf, 00129e70, 00351060, 00110269, 00110250, 00351060,1,1,0,0, 0.04306899399340711, 0.21025419341799412
002, 178, 1648506346.927283, Function_Graph_2, 17, 00110250, 00110250, 00110269, 00117daf, 00129e70, 00351060, 00110269, 00110250, 00351060,1,0,1,0, 0.04328522855336415, 0.21115098853993333
002, 179, 1648506347.291514, Function_Graph_2, 18, 00110211, 00110211, 00110250, 00110269, 00117daf, 00129e70, 00110250, 00110269, 00110210,0,0,0,0, 0.0431375055869606, 0.21053036581793527
002, 180, 1648506352.141377, Function_Graph_2, 19, 00110269, 00110269, 00110250, 00110211, 00117daf, 00129e70, 00110250, 00110269, 00110211,1,0,1,0, 0.04324040546960235, 0.21119135071820916
002, 181, 1648506357.478080, Function_Graph_2, 20, 00110269, 00110269, 00110250, 00110211, 00117daf, 00129e70, 00110269, 00110250, 00351060,1,0,1,0, 0.043335532353690656, 0.21191041309612713
002, 182, 1648506365.134032, Function_Graph_2, 21, 00110269, 00110269, 00110250, 00110211, 00117daf, 00129e70, 00110269, 00110250, 00351060,1,1,0,0, 0.04346779353046721, 0.21292936972231816
002, 183, 1648506385.761086, Function_Graph_2, 22, 00110270, 00110269, 00110250, 00117daf, 00110211, 00129e70, 00110269, 00110250, 00110211,0,0,0,0, 0.04402079499612833, 0.21514329959237746
002, 184, 1648506456.158787, Function_Graph_2, 23, 00110270, 00110269, 00110250, 00117daf, 00110211, 00129e70, 00110269, 00110250, 00117daf,0,0,0,0, 0.04509161654534303, 0.22252086718086886
002, 185, 1648506464.752417, Function_Graph_2, 24, 00110270, 00110269, 00110250, 00110270, 00117daf, 00110211, 00110270, 00110269, 00110250,0,0,0,0, 0.045096136597235666, 0.22347647042236568
002, 186, 1648506466.781489, Function_Graph_2, 25, 00110270, 00110270, 00110269, 00110250, 00117daf, 00110211, 00110270, 00110269, 00110250,1,1,0,0, 0.04508083140641914, 0.22374880858616275
002, 187, 1648506470.501780, Function_Graph_2, 26, 00110270, 00110270, 00110269, 00110250, 00117daf, 00110211, 00110270, 00110269, 00110250,1,1,0,0, 0.04512971818369346, 0.22410876904866142
002, 188, 1648506493.527642, Function_Graph_2, 27, 00110269, 00110269, 00110270, 00110250, 00117daf, 00129e70, 00110270, 00110269, 00110250,1,0,1,0, 0.04547681554875279, 0.2263868290021375
002, 189, 1648506495.820205, Function_Graph_2, 28, 00110269, 00110269, 00110270, 00110250, 00117daf, 00129e70, 00110269, 00110270, 00110250,1,0,1,0, 0.04549240058653155, 0.22667764955677897
002, 190, 1648506507.410950, Function_Graph_2, 29, 00110270, 00110269, 00110270, 00110250, 00117daf, 00129e70, 00110270, 00110269, 00110250,1,0,1,0, 0.04565012070923454, 0.22804246841357312
002, 191, 1648506515.447362, Function_Graph_2, 30, 00110270, 00110270, 00110269, 00110250, 00117daf, 00129e70, 00110270, 00110269, 00110250,1,1,0,0, 0.04575421858176937, 0.22847678974170937
002, 192, 1648506517.569275, Function_Graph_2, 31, 00110272, 00110270, 00110269, 00110272, 00110250, 00117daf, 00110270, 00110269, 00110250,0,0,0,0, 0.04585245403755301, 0.22840227376537584
002, 193, 1648506518.422378, Function_Graph_2, 32, 00110270, 00110270, 00110269, 00110272, 00110250, 00117daf, 00110270, 00110272, 00110269,1,1,0,0, 0.04585643120900267, 0.228540074372616
002, 194, 1648506518.805927, Function_Graph_2, 33, 00110360, 00110270, 00110360, 00110269, 00110272, 00110250, 00110270, 00110272, 00110269,0,0,0,0, 0.044686474929049924, 0.22861919555002913
002, 195, 1648506525.130384, Function_Graph_2, 34, 00110250, 00110270, 00110269, 00110250, 00110360, 00117daf, 00110270, 00110269, 00110250,0,0,0,0, 0.04488048688404435, 0.22956840941638987
002, 196, 1648506531.912242, Function_Graph_2, 35, 00110270, 00110270, 00110269, 00110250, 00117daf, 00129e70, 00110270, 00110269, 00110250,1,1,0,0, 0.045054339490897224, 0.23052278739538923
002, 197, 1648506546.591926, Function_Graph_2, 36, 00110270, 00110270, 00110269, 00110250, 00117daf, 00129e70, 00110270, 00110269, 00110272,1,1,0,0, 0.045377287889524526, 0.2324516062491001
002, 198, 1648506577.833648, Function_Graph_2, 37, 00110270, 00110270, 00110269, 00110250, 00117daf, 00129e70, 00110270, 00110269, 00110272,1,1,0,0, 0.045964409501862445, 0.2362188227330366
002, 199, 1648506595.987830, Function_Graph_2, 38, 0011027f, 00110270, 00110269, 00110250, 00117daf, 00129e70, 00110270, 00110269, 00110250,0,0,0,0, 0.04647225345049651, 0.23811087474238676
002, 200, 1648506597.759002, Function_Graph_2, 39, 00110270, 00110270, 00110269, 00110250, 00117daf, 00129e70, 00110270, 0011027f, 00110269,1,1,0,0, 0.046494345643857994, 0.23836062942955047
002, 201, 1648506618.500808, Function_Graph_2, 40, 00110270, 00110270, 00110269, 00110250, 00117daf, 00129e70, 00110270, 0011027f, 00110269,1,1,0,0, 0.04692639939754123, 0.24088778315284104
002, 202, 1648506671.486110, Point_of_Interest_Triage_1, 1, 00400000, 00110270, 00110269, 00110250, 00117daf, 00129e70, 00110270, 00110269, 00110250,0,0,0,0, 0.04823437503864684, 0.2468129323222774
002, 203, 1648506686.781438, Point_of_Interest_Triage_1, 2, 004078f9, 00110270, 00110269, 00110250, 00117daf, 00129e70, 00110270, 00110269, 00110250,0,0,0,0, 0.04872011146842026, 0.24856361754142314
002, 204, 1648506720.854172, Point_of_Interest_Triage_1, 3, 004078ff, 00110270, 00110269, 00110250, 00117daf, 00129e70, 00110270, 00110269, 00110250,0,0,0,0, 0.04977819767134771, 0.2523645796988358
002, 205, 1648506722.672968, Point_of_Interest_Triage_1, 4, 004078fc, 00110270, 004078fc, 00110269, 00110250, 00117daf, 00110270, 004078ff, 00110269,0,0,0,0, 0.04988593570452325, 0.25261615966073214
002, 206, 1648506724.683331, Point_of_Interest_Triage_1, 5, 004078ff, 00110270, 004078ff, 00110269, 004078fc, 00110250, 004078fc, 00110270, 00110269,1,0,1,0, 0.04973734391605911, 0.25291783278893337
002, 207, 1648506726.290212, Point_of_Interest_Triage_1, 6, 004078fd, 00110270, 004078fd, 004078ff, 00110269, 00110250, 004078ff, 00110270, 00110269,0,0,0,0, 0.0498604466424482, 0.253181456277039
002, 208, 1648506747.021168, Point_of_Interest_Triage_1, 7, 004078f9, 00110270, 00110269, 00110250, 00117daf, 004078f9, 00110270, 004078ff, 00110269,0,0,0,0, 0.050390043852170885, 0.2559287227864871
002, 209, 1648506748.955555, Point_of_Interest_Triage_1, 8, 004078f9, 004078f9, 00110270, 00110269, 00110250, 00117daf, 00110270, 004078f9, 004078ff,0,0,0,0, 0.05035411021469361, 0.25622226529307
002, 210, 1648506751.273123, Point_of_Interest_Triage_1, 9, 00407902, 00110270, 004078f9, 00407902, 00110269, 00110250, 004078f9, 00110270, 00110269,0,0,0,0, 0.05050278762847831, 0.2565955062457279
002, 211, 1648506752.288016, Point_of_Interest_Triage_1, 10, 004078fe, 004078fe, 00110270, 004078f9, 00110269, 00407902, 004078f9, 00407902, 00110270,0,0,0,0, 0.050595017975103435, 0.2567846617918223
002, 212, 1648506753.318085, Point_of_Interest_Triage_1, 11, 00407908, 00407908, 00110270, 004078f9, 004078fe, 00110269, 004078f9, 004078fe, 00110270,0,0,0,0, 0.0507046805964821, 0.2569920258218796
002, 213, 1648506754.419410, Point_of_Interest_Triage_1, 12, 0040790f, 0040790f, 00110270, 00407908, 004078f9, 00110269, 00407908, 004078f9, 00110270,0,0,0,0, 0.05083346072012379, 0.2572246140997047
002, 214, 1648506756.862154, Point_of_Interest_Triage_1, 13, 0040790c, 00110270, 00110269, 0040790c, 004078f9, 0040790f, 00110270, 004078f9, 00110269,0,0,0,0, 0.05109499667772143, 0.25771435391121383
002, 215, 1648506758.063151, Point_of_Interest_Triage_1, 14, 00407902, 00407902, 00110270, 00110269, 004078f9, 0040790c, 004078fe, 0040790c, 00110270,0,0,0,0, 0.051091372139821525, 0.2579722969452929
002, 216, 1648506758.920484, Point_of_Interest_Triage_1, 15, 004078fb, 004078fb, 00407902, 00110270, 00110269, 004078f9, 00407902, 00407908, 00110270,0,0,0,0, 0.051200008281283106, 0.2581734660102576
002, 217, 1648506791.794157, Point_of_Interest_Triage_1, 16, 00407918, 00110270, 00110269, 00110250, 00117daf, 004078f9, 00110270, 00110269, 00110250,0,0,0,0, 0.05333649944196297, 0.2634772773641328
002, 218, 1648506794.410989, Point_of_Interest_Triage_1, 17, 00407914, 00110270, 00407914, 00110269, 00110250, 00117daf, 00110270, 00110269, 00407918,0,0,0,0, 0.05353689930185102, 0.2639155253259787
002, 219, 1648506796.284934, Point_of_Interest_Triage_1, 18, 00407911, 00110270, 00407911, 00110269, 00407914, 00110250, 00110270, 00407914, 00110269,0,0,0,0, 0.05371115984651954, 0.2642593085650673
002, 220, 1648506799.206226, Point_of_Interest_Triage_1, 19, 00407917, 00110270, 00110269, 00407917, 00407911, 00110250, 00110270, 00110269, 00407911,0,0,0,0, 0.05399028869944016, 0.2648014382402425
002, 221, 1648506804.898804, Point_of_Interest_Triage_1, 20, 00407919, 00110270, 00110269, 00110250, 00407919, 00117daf, 00110270, 00110269, 00110250,0,0,0,0, 0.05450176495130902, 0.2658212660138741
002, 222, 1648506814.905327, Point_of_Interest_Triage_1, 21, 00407918, 00110270, 00110269, 00407918, 00110250, 00117daf, 00110270, 00110269, 00407914,0,0,0,0, 0.054944728364569165, 0.26752826199822827
002, 223, 1648506815.298568, Point_of_Interest_Triage_1, 22, 004079ac, 004079ac, 00110270, 00110269, 00110250, 00407918, 00407918, 00110270, 00407911,0,0,0,0, 0.054998229890599624, 0.2676186314841653
002, 224, 1648506819.937586, Point_of_Interest_Triage_1, 23, 0040790d, 00110270, 00110269, 0040790d, 004079ac, 00110250, 00110270, 00407918, 00110269,0,0,0,0, 0.055454794116087835, 0.2685072207644349
002, 225, 1648506820.309751, Point_of_Interest_Triage_1, 24, 0060c070, 0060c070, 00110270, 00110269, 0040790d, 00110250, 0040790d, 00110270, 00407918,0,0,0,0, 0.055512241899083735, 0.2685991112728256
002, 226, 1648506825.529492, Point_of_Interest_Triage_1, 25, 004078f9, 004078f9, 00110270, 00110269, 00110250, 0060c070, 00110270, 00110269, 004078f9,0,0,0,0, 0.05588816796040192, 0.2696512525276262
002, 227, 1648506840.260902, Point_of_Interest_Triage_1, 26, 004078f9, 004078f9, 00110270, 00110269, 00110250, 00117daf, 00407902, 004078f9, 00110270,1,0,0,1, 0.05692317318500786, 0.2723015485259121
002, 228, 1648506931.389465, Point_of_Interest_Triage_1, 27, 004079a1, 00110270, 00110269, 00110250, 004078f9, 00117daf, 00110270, 00110269, 004078f9,0,0,0,0, 0.062071653968599476, 0.28570097638907055
002, 229, 1648506958.518553, Point_of_Interest_Triage_1, 28, 004078f9, 00110270, 004078f9, 00110269, 00110250, 00117daf, 004078f9, 00110270, 00110269,1,0,0,1, 0.06324848916278025, 0.28943526985925766
002, 230, 1648507071.111295, Point_of_Interest_Triage_1, 29, 004078f9, 00110270, 00110269, 004078f9, 00110250, 00117daf, 004078f9, 004079a1, 00110270,1,1,0,0, 0.06768836421797156, 0.30362522756759597
002, 231, 1648507118.751385, Point_of_Interest_Triage_1, 30, 004078f9, 004078f9, 00110270, 00110269, 00110250, 00117daf, 004078f9, 004079a1, 00110270,1,1,0,0, 0.06934787603651436, 0.309401402662793
002, 232, 1648507149.071584, Proof_of_Vulnerability_Analysis_1, 1, 004078f9, 004078f9, 00110270, 00110269, 00117daf, 00110250, 004078f9, 00110270, 004079a1,1,1,0,0, 0.07035625773789708, 0.31311069668305774
002, 233, 1648507175.626259, Proof_of_Vulnerability_Analysis_1, 2, 004078ff, 004078f9, 00110270, 00110269, 00117daf, 00110250, 004078f9, 00110270, 00110269,0,0,0,0, 0.07090321443519707, 0.3159573843054611
002, 234, 1648507176.826390, Proof_of_Vulnerability_Analysis_1, 3, 004078fe, 004078fe, 004078f9, 00110270, 00110269, 00117daf, 004078ff, 004078f9, 00110270,0,0,0,0, 0.07005494609256305, 0.31614181225252924
002, 235, 1648507177.715136, Proof_of_Vulnerability_Analysis_1, 4, 004078ff, 004078ff, 004078fe, 004078f9, 00110270, 00110269, 004078fe, 004078ff, 004078f9,1,1,0,0, 0.06996947213021182, 0.3163001276025122
002, 236, 1648507279.736284, Proof_of_Vulnerability_Analysis_1, 5, 004079a1, 004078f9, 00110270, 00110269, 00117daf, 00110250, 004078f9, 004078ff, 00110270,0,0,0,0, 0.07275269947383631, 0.32856542534876765
002, 237, 1648507296.639334, Proof_of_Vulnerability_Analysis_1, 6, 0040790d, 004078f9, 00110270, 00110269, 00117daf, 00110250, 004078f9, 00110270, 00110269,0,0,0,0, 0.07242155428976725, 0.3306136876925621
002, 238, 1648507408.029372, Proof_of_Vulnerability_Analysis_1, 7, 004078f9, 004078f9, 00110270, 00110269, 00117daf, 00110250, 004078f9, 00110270, 00110269,1,1,0,0, 0.07564120202107681, 0.3431688476494391
002, 239, 1648507427.188717, Proof_of_Vulnerability_Analysis_1, 8, 004078f9, 004078f9, 00110270, 00110269, 00117daf, 00110250, 004078f9, 004078ff, 00110270,1,1,0,0, 0.07612967412686003, 0.3453900259993051
002, 240, 1648507448.381765, Proof_of_Vulnerability_Analysis_1, 9, 00402444, 004078f9, 00110270, 00110269, 00117daf, 00110250, 004078f9, 00110270, 00110269,0,0,0,0, 0.07690939198472821, 0.34789801569076817
002, 241, 1648507638.591085, Point_of_Interest_Triage_2, 1, 00402444, 004078f9, 00110270, 00110269, 00117daf, 00110250, 004078f9, 00110270, 00110269,0,0,0,0, 0.08178399247626288, 0.3681780592893011
002, 242, 1648507652.085610, Proof_of_Vulnerability_Analysis_2, 1, 00402469, 004078f9, 00110270, 00110269, 00117daf, 00110250, 004078f9, 00110270, 00110269,0,0,0,0, 0.08228147289911214, 0.36968298616373474
002, 243, 1648507653.549918, Proof_of_Vulnerability_Analysis_2, 2, 00402444, 00402444, 004078f9, 00110270, 00110269, 00117daf, 00402469, 00402444, 004078f9,0,0,0,0, 0.08204005846918862, 0.36989142679024506
002, 244, 1648507855.780268, Proof_of_Vulnerability_Analysis_2, 3, 0040788f, 004078f9, 00110270, 00110269, 00117daf, 00110250, 004078f9, 00110270, 00110269,0,0,0,0, 0.08798577717361923, 0.3907826135188464
002, 245, 1648507965.787444, Point_of_Interest_Triage_3, 1, 004078af, 004078f9, 00110270, 00110269, 00117daf, 00110250, 004078f9, 00110270, 00110269,0,0,0,0, 0.09117051354747828, 0.4015794729155386
002, 246, 1648507995.913327, Point_of_Interest_Triage_3, 2, 004078e8, 004078f9, 00110270, 00110269, 00117daf, 00110250, 004078f9, 00110270, 00110269,0,0,0,0, 0.09219695467843382, 0.404643222551808
002, 247, 1648507999.299324, Point_of_Interest_Triage_3, 3, 004078e3, 004078e3, 004078f9, 00110270, 00110269, 00117daf, 004078e8, 004078f9, 00110270,0,0,0,0, 0.09238045090847377, 0.4050545239682494
002, 248, 1648508019.825410, Point_of_Interest_Triage_3, 4, 0040788f, 004078f9, 00110270, 00110269, 00117daf, 0040788f, 004078af, 004078f9, 00110269,0,0,0,0, 0.09240654313712124, 0.40736486626869783
002, 249, 1648508055.627522, Point_of_Interest_Triage_3, 5, 0040788f, 0040788f, 004078f9, 00110269, 00110270, 00117daf, 004078e8, 004078f9, 00110269,0,0,0,0, 0.09344441345655462, 0.41126778702613315
002, 250, 1648508224.543350, Proof_of_Vulnerability_Analysis_3, 1, 004078ed, 00110269, 004078f9, 00110270, 00117daf, 00110250, 004078f9, 00110269, 00110270,0,0,0,0, 0.09862106509908163, 0.4281313855662464
002, 251, 1648508242.826395, Proof_of_Vulnerability_Analysis_3, 2, 004078ed, 00110269, 004078f9, 00110270, 00117daf, 004078ed, 004078f9, 00110269, 00110270,0,0,0,0, 0.0986396326500418, 0.43003451337960086
002, 252, 1648508266.154433, Proof_of_Vulnerability_Analysis_3, 3, 0040778b, 00110269, 00110270, 004078f9, 00117daf, 00110250, 004078ed, 004078f9, 00110269,0,0,0,0, 0.09949481895293853, 0.43251383445865377
002, 253, 1648508284.520707, Point_of_Interest_Triage_4, 1, 0040778b, 0040778b, 00110269, 00110270, 004078f9, 00117daf, 00110269, 004078f9, 00110270,0,0,0,0, 0.0998748291403594, 0.434528369443136
002, 254, 1648508286.426010, Point_of_Interest_Triage_4, 2, 0040778b, 0040778b, 00110269, 00110270, 004078f9, 00117daf, 0040778b, 00110269, 004078f9,0,0,0,0, 0.0998486774355267, 0.4347873999319279
002, 255, 1648508295.580743, Point_of_Interest_Triage_4, 3, 0040779c, 0040778b, 0040779c, 00110269, 00110270, 00117daf, 0040778b, 00110269, 004078f9,0,0,0,0, 0.10025391373844808, 0.43594643572755376
002, 256, 1648508296.627417, Point_of_Interest_Triage_4, 4, 0040778b, 0040778b, 0040779c, 00110269, 00110270, 00117daf, 0040779c, 0040778b, 00110269,1,1,0,0, 0.10024423022985648, 0.43611330982010094
002, 257, 1648508340.334181, Point_of_Interest_Triage_4, 5, 0040778b, 0040778b, 00110269, 00117daf, 00110270, 004078f9, 0040778b, 0040779c, 00110269,1,0,1,0, 0.10157741857919171, 0.441350563248254
002, 258, 1648508341.490967, Point_of_Interest_Triage_4, 6, 0040778b, 0040778b, 00110269, 00117daf, 00110270, 004078f9, 0040778b, 0040779c, 00110269,1,1,0,0, 0.1015689453387054, 0.44152617945938694
002, 259, 1648508363.044249, Point_of_Interest_Triage_4, 7, 0040778f, 0040778b, 00110269, 00117daf, 00110270, 004078f9, 0040778b, 0040779c, 00110269,0,0,0,0, 0.10240381931753445, 0.443754286349002
002, 260, 1648508363.443527, Point_of_Interest_Triage_4, 8, 00407680, 00407680, 0040778b, 00110269, 00117daf, 00110270, 0040778f, 0040778b, 00110269,0,0,0,0, 0.10244554382575428, 0.44382711792978496
002, 261, 1648508380.042719, Point_of_Interest_Triage_4, 9, 00407680, 0040778b, 00407680, 00110269, 00117daf, 00110270, 0040778b, 00110269, 00117daf,0,0,0,0, 0.10303477175159352, 0.44597337426119465
002, 262, 1648508380.396992, Point_of_Interest_Triage_4, 10, 004076e8, 004076e8, 0040778b, 00407680, 00110269, 00117daf, 00407680, 0040778b, 00110269,0,0,0,0, 0.10307368682247725, 0.44604220829849456
002, 263, 1648508395.908908, Point_of_Interest_Triage_4, 11, 004078f9, 0040778b, 004078f9, 00407680, 00110269, 00117daf, 0040778b, 004078f9, 00407680,0,0,0,0, 0.10366116980210821, 0.44815971393118353
002, 264, 1648508444.505248, Point_of_Interest_Triage_4, 12, 0040791d, 0040778b, 004078f9, 00117daf, 00110269, 00110270, 004078f9, 0040778b, 00110269,0,0,0,0, 0.10566050980682215, 0.45412301820188594
002, 265, 1648508454.628441, Point_of_Interest_Triage_4, 13, 0040778b, 0040778b, 004078f9, 00117daf, 00110269, 00110270, 0040778b, 004078f9, 0040791d,1,0,1,0, 0.10597741680369338, 0.45541685129287124
002, 266, 1648508511.257433, Point_of_Interest_Triage_4, 14, 0040778b, 0040778b, 004078f9, 00117daf, 00110269, 00110270, 0040778b, 0040778f, 0040779c,1,1,0,0, 0.107841402302207, 0.4621712351086006
002, 267, 1648508583.409094, Point_of_Interest_Triage_4, 15, 004077ca, 0040778b, 004078f9, 00117daf, 00110269, 00110270, 0040778b, 004078f9, 00117daf,0,0,0,0, 0.11042838700728952, 0.4703771247809111
002, 268, 1648508587.269185, Point_of_Interest_Triage_4, 16, 004077c5, 0040778b, 004077c5, 004078f9, 00117daf, 00110269, 0040778b, 004077ca, 004078f9,0,0,0,0, 0.11064146978522357, 0.470882474018042
002, 269, 1648508588.802309, Point_of_Interest_Triage_4, 17, 004077cc, 004077cc, 0040778b, 004077c5, 004078f9, 00117daf, 004077c5, 0040778b, 004077ca,0,0,0,0, 0.11076295458472345, 0.4711198450463252
002, 270, 1648508589.670103, Point_of_Interest_Triage_4, 18, 004077c8, 004077c8, 004077cc, 0040778b, 004077c5, 004078f9, 004077cc, 004077c5, 0040778b,0,0,0,0, 0.11085525983654597, 0.47127769704222267
002, 271, 1648508591.202027, Point_of_Interest_Triage_4, 19, 004077bd, 004077bd, 004077c8, 0040778b, 004077cc, 004077c5, 004077c8, 004077cc, 0040778b,0,0,0,0, 0.11102116515470775, 0.4715592279317677
002, 272, 1648508592.058830, Point_of_Interest_Triage_4, 20, 004077b6, 004077b6, 004077bd, 004077c8, 0040778b, 004077cc, 004077bd, 004077c8, 004077cc,0,0,0,0, 0.11113215652274203, 0.4717348416840986
002, 273, 1648508592.899068, Point_of_Interest_Triage_4, 21, 004077af, 004077af, 004077b6, 004077bd, 0040778b, 004077c8, 004077b6, 004077bd, 004077c8,0,0,0,0, 0.11125369333679637, 0.47191971908274993
002, 274, 1648508594.348332, Point_of_Interest_Triage_4, 22, 004077a6, 004077a6, 004077af, 004077b6, 0040778b, 004077bd, 004077af, 004077b6, 004077bd,0,0,0,0, 0.11145786566531692, 0.47223306780776125
002, 275, 1648508595.865460, Point_of_Interest_Triage_4, 23, 004077a1, 004077a1, 004077a6, 004077af, 0040778b, 004077b6, 004077a6, 004077af, 0040778b,0,0,0,0, 0.11167376495040791, 0.4725631547850002
002, 276, 1648508597.866014, Point_of_Interest_Triage_4, 24, 004077a4, 004077a4, 004077a1, 0040778b, 004077a6, 004077af, 004077a1, 0040778b, 004077a6,0,0,0,0, 0.11195355325229904, 0.4729933595478058
002, 277, 1648508598.908932, Point_of_Interest_Triage_4, 25, 004077a1, 004077a1, 004077a4, 0040778b, 004077a6, 004077af, 004077a4, 004077a1, 0040778b,1,1,0,0, 0.11200496840597665, 0.47323507192709624
002, 278, 1648508599.928678, Point_of_Interest_Triage_4, 26, 004077a6, 004077a6, 004077a1, 0040778b, 004077a4, 004077af, 004077a1, 004077a4, 0040778b,0,0,0,0, 0.11202411353719001, 0.47348373786988207
002, 279, 1648508603.606734, Point_of_Interest_Triage_4, 27, 004077a8, 004077a6, 004077a1, 004077a8, 0040778b, 004077a4, 004077a4, 004077a6, 004077a1,0,0,0,0, 0.11244954373877207, 0.4742938369403738
002, 280, 1648508606.049734, Point_of_Interest_Triage_4, 28, 004077b2, 004077a6, 004077a1, 004077b2, 0040778b, 004077a8, 004077a6, 004077a1, 004077a8,0,0,0,0, 0.11274540233423418, 0.47482926174618806
002, 281, 1648508607.571196, Point_of_Interest_Triage_4, 29, 004077bf, 004077bf, 004077a6, 004077a1, 004077b2, 0040778b, 004077b2, 004077a6, 004077a1,0,0,0,0, 0.11295242872443616, 0.4751817806707249
002, 282, 1648508608.289808, Point_of_Interest_Triage_4, 30, 004077c5, 004077c5, 004077bf, 004077a6, 004077a1, 0040778b, 004077bf, 004077b2, 004077cc,0,0,0,0, 0.11283907220192271, 0.47536841028037324
002, 283, 1648508609.368895, Point_of_Interest_Triage_4, 31, 004077ce, 004077ce, 004077c5, 004077a6, 004077a1, 004077bf, 004077c5, 004077bf, 004077c8,0,0,0,0, 0.11301104446879816, 0.4756535327966957
002, 284, 1648508664.867500, Point_of_Interest_Triage_4, 32, 0040778b, 0040778b, 004078f9, 00117daf, 00110269, 00110270, 0040778b, 004078f9, 004077ca,0,0,0,0, 0.11723378431964727, 0.4852775452032282
002, 285, 1648508682.798475, Proof_of_Vulnerability_Analysis_4, 1, 0040778b, 0040778b, 004078f9, 00117daf, 00110269, 00110270, 0040778b, 004077ca, 0040778f,1,1,0,0, 0.11827438929900798, 0.4880892683787201
002, 286, 1648508696.125740, Proof_of_Vulnerability_Analysis_4, 2, 0040778b, 0040778b, 004078f9, 00117daf, 00110269, 00110270, 0040778b, 004077ca, 0040778f,1,1,0,0, 0.11901145581588156, 0.4901993660156762
002, 287, 1648508755.723225, Proof_of_Vulnerability_Analysis_4, 3, 00401313, 0040778b, 004078f9, 00117daf, 00110269, 00110270, 0040778b, 004078f9, 004077c5,0,0,0,0, 0.12245053649318341, 0.4982866476952179
002, 288, 1648508776.554522, Point_of_Interest_Triage_5, 1, 00401323, 0040778b, 004078f9, 00117daf, 00110269, 00110270, 0040778b, 004078f9, 00117daf,0,0,0,0, 0.12371401459845749, 0.5012537269303011
002, 289, 1648508794.796651, Point_of_Interest_Triage_5, 2, 00401313, 0040778b, 00401313, 004078f9, 00117daf, 00110269, 0040778b, 00401323, 004078f9,0,0,0,0, 0.12436939037069016, 0.5038875090779359
002, 290, 1648508842.618142, Point_of_Interest_Triage_5, 3, 0040131d, 0040778b, 004078f9, 00117daf, 00110269, 00110270, 0040778b, 00401313, 004078f9,0,0,0,0, 0.12704586982770508, 0.5105203031573292
002, 291, 1648508842.750940, Point_of_Interest_Triage_5, 4, 00401319, 00401319, 0040778b, 004078f9, 00117daf, 00110269, 0040131d, 0040778b, 004078f9,0,0,0,0, 0.1270691220879097, 0.5105543165751137
002, 292, 1648508842.910327, Point_of_Interest_Triage_5, 5, 0040131d, 0040131d, 00401319, 0040778b, 004078f9, 00117daf, 00401319, 0040131d, 0040778b,1,1,0,0, 0.1267873932032633, 0.5106014006431379
002, 293, 1648508844.829117, Point_of_Interest_Triage_5, 6, 00401318, 0040131d, 00401318, 00401319, 0040778b, 004078f9, 0040131d, 00401319, 0040778b,0,0,0,0, 0.12702094414785137, 0.5110066143261665
002, 294, 1648508865.573956, Point_of_Interest_Triage_5, 7, 00401319, 0040778b, 00401319, 0040131d, 004078f9, 00117daf, 0040131d, 0040778b, 004078f9,1,0,1,0, 0.12825943897291336, 0.5143579175664782
002, 295, 1648508866.766214, Point_of_Interest_Triage_5, 8, 00401318, 00401318, 0040778b, 00401319, 0040131d, 004078f9, 00401319, 00401318, 0040778b,0,0,0,0, 0.12814391221888646, 0.5145829340995723
002, 296, 1648508867.871949, Point_of_Interest_Triage_5, 9, 00401319, 00401319, 00401318, 0040778b, 0040131d, 004078f9, 00401318, 00401319, 0040131d,1,1,0,0, 0.1281336834903926, 0.5148119653914612
002, 297, 1648508868.815792, Point_of_Interest_Triage_5, 10, 00401318, 00401318, 00401319, 0040778b, 0040131d, 004078f9, 00401319, 00401318, 0040778b,1,1,0,0, 0.1281593717513998, 0.5150240822317184
002, 298, 1648508923.936740, Point_of_Interest_Triage_5, 11, 00401313, 0040778b, 00401318, 00401319, 004078f9, 00117daf, 00401318, 0040778b, 0040131d,0,0,0,0, 0.13071630057968697, 0.5232838984965162
002, 299, 1648508937.033978, Point_of_Interest_Triage_5, 12, 00401313, 00401313, 0040778b, 00401318, 00401319, 004078f9, 00401313, 0040778b, 00401319,0,0,0,0, 0.13122683186931877, 0.5252616474381031
002, 300, 1648508968.551144, Point_of_Interest_Triage_5, 13, 00401313, 00401313, 0040778b, 004078f9, 00401318, 00117daf, 00401313, 0040778b, 00401319,1,1,0,0, 0.1326008803568281, 0.5299001455945157
002, 301, 1648508997.475046, Proof_of_Vulnerability_Analysis_5, 1, 0040136c, 0040778b, 00401313, 004078f9, 00117daf, 00110269, 00401313, 0040778b, 00401319,0,0,0,0, 0.13409022849021535, 0.5341067620444667
002, 302, 1648509002.601757, Proof_of_Vulnerability_Analysis_5, 2, 0040136c, 0040136c, 0040778b, 00401313, 004078f9, 00117daf, 00401313, 0040778b, 0040136c,0,0,0,0, 0.13413705361816203, 0.5349181642375496
002, 303, 1648509018.175926, Proof_of_Vulnerability_Analysis_5, 3, 0040136c, 0040136c, 0040778b, 00401313, 004078f9, 00117daf, 0040136c, 00401313, 0040778b,1,0,0,1, 0.13478970248766625, 0.5373235238556332
002, 304, 1648509066.952563, Proof_of_Vulnerability_Analysis_5, 4, 00404510, 0040778b, 00401313, 0040136c, 00117daf, 004078f9, 0040136c, 0040778b, 00401313,0,0,0,0, 0.13715685693919105, 0.5444240664910583
002, 305, 1648509163.950136, Point_of_Interest_Triage_6, 1, 00404510, 0040778b, 00401313, 00117daf, 004078f9, 00110269, 0040778b, 00401313, 00117daf,0,0,0,0, 0.14092580761292947, 0.5576246163845343
002, 306, 1648509216.693111, Proof_of_Vulnerability_Analysis_6, 1, 00400000, 0040778b, 00117daf, 004078f9, 00401313, 00110269, 0040778b, 004078f9, 00401313,0,0,0,0, 0.1409443939739805, 0.5646320545359157
