UserID,TotalActionNum,Time,Task,TaskActionNum,Address,ChunkSpec,Activation
003,1,1652460166.341007,Start,1,00100000,((NODE 00100000)),0.0
003,2,1652460166.663262,Start,2,00100019,((NODE 00100000)),-0.1396692669302179
003,2,1652460166.663262,Start,2,00100019,((NODE 00100019)),0.566206221798262
003,3,1652460177.343983,Start,3,00100000,((NODE 00100000)),-0.5198259251578764
003,3,1652460177.343983,Start,3,00100000,((NODE 00100019)),-1.199082888136519
003,4,1652460349.977173,Navigation_1,1,00100000,((NODE 00100000)),-2.575584527691652
003,5,1652460377.224740,Navigation_1,2,00100027,((NODE 00100000)),-2.648860487104311
003,5,1652460377.224740,Navigation_1,2,00100027,((NODE 00100027)),-1.6524821152293756
003,6,1652460394.739628,Navigation_1,3,0010cd90,((NODE 00100000)),-2.690859471469552
003,6,1652460394.739628,Navigation_1,3,0010cd90,((NODE 00100027)),-1.900684864859144
003,6,1652460394.739628,Navigation_1,3,0010cd90,((NODE 0010cd90)),-1.4315256324301835
003,7,1652460424.124938,Navigation_2,1,00100000,((NODE 00100000)),-1.6902474436920245
003,8,1652460446.077064,Navigation_2,2,0010cd90,((NODE 00100000)),-1.969210115932838
003,8,1652460446.077064,Navigation_2,2,0010cd90,((NODE 0010cd90)),-1.5444319962571558
003,9,1652460457.935107,Navigation_3,1,00100000,((NODE 00100000)),-1.2365031838806027
003,10,1652460530.603633,Navigation_3,2,0010cc90,((NODE 00100000)),-2.218532954835619
003,10,1652460530.603633,Navigation_3,2,0010cc90,((NODE 0010cc90)),-2.142954180022191
003,11,1652460542.099812,Navigation_3,3,0010cd90,((NODE 00100000)),-2.2822925608314826
003,11,1652460542.099812,Navigation_3,3,0010cd90,((NODE 0010cc90)),-2.2163878266486683
003,11,1652460542.099812,Navigation_3,3,0010cd90,((NODE 0010cd90)),-1.2210073641611587
003,12,1652460550.885497,String_Search_1,1,00100000,((NODE 00100000)),-1.0865618497608471
003,13,1652460616.408437,String_Search_1,2,0014069b,((NODE 00100000)),-2.1541135141005157
003,13,1652460616.408437,String_Search_1,2,0014069b,((NODE 0014069b)),-2.0912001545592616
003,14,1652460651.682298,String_Search_2,1,00100000,((NODE 00100000)),-1.7815711030580312
003,15,1652460674.212127,String_Search_2,2,00100040,((NODE 00100000)),-2.0285263068606754
003,15,1652460674.212127,String_Search_2,2,00100040,((NODE 00100040)),-1.557420082828375
003,16,1652460701.509989,String_Search_2,3,0014069b,((NODE 00100000)),-2.221922636446717
003,16,1652460701.509989,String_Search_2,3,0014069b,((NODE 00100040)),-1.954285437620581
003,16,1652460701.509989,String_Search_2,3,0014069b,((NODE 0014069b)),-1.6534041930221695
003,17,1652460724.923020,Cross_Reference_1,1,00100000,((NODE 00100000)),-1.5766463709227936
003,18,1652460759.240137,Cross_Reference_1,2,0014069b,((NODE 00100000)),-2.0278897670309752
003,18,1652460759.240137,Cross_Reference_1,2,0014069b,((NODE 0014069b)),-1.767822136918317
003,19,1652460788.780441,Cross_Reference_1,3,0014069b,((NODE 00100000)),-2.234505970374374
003,19,1652460788.780441,Cross_Reference_1,3,0014069b,((NODE 0014069b)),-1.1739974210115287
003,20,1652460789.092636,Cross_Reference_1,4,001191be,((NODE 00100000)),-2.2362914428422944
003,20,1652460789.092636,Cross_Reference_1,4,001191be,((NODE 0014069b)),-1.178112202160281
003,20,1652460789.092636,Cross_Reference_1,4,001191be,((NODE 001191be)),0.5820635428842797
003,21,1652460808.787489,Cross_Reference_2,1,00100000,((NODE 00100000)),-1.4901786619440982
003,22,1652460844.548566,Cross_Reference_2,2,0014069b,((NODE 00100000)),-2.0077943255863735
003,22,1652460844.548566,Cross_Reference_2,2,0014069b,((NODE 0014069b)),-1.7884300359661456
003,23,1652460870.285661,Step_into_function_1,1,0011022e,((NODE 0011022e)),-1.623966665870241
003,24,1652460905.029815,Step_into_function_1,2,0011022e,((NODE 0011022e)),-1.2098672951129557
003,25,1652460923.910476,Step_into_function_1,3,00110211,((NODE 0011022e)),-1.3910659389084856
003,25,1652460923.910476,Step_into_function_1,3,00110211,((NODE 00110211)),-1.4690690856333353
003,26,1652460933.131671,Step_into_function_1,4,00110211,((NODE 0011022e)),-1.4593325068994738
003,26,1652460933.131671,Step_into_function_1,4,00110211,((NODE 00110211)),-0.6578754836684675
003,27,1652460933.509317,Step_into_function_1,5,00110250,((NODE 0011022e)),-1.4619308875993027
003,27,1652460933.509317,Step_into_function_1,5,00110250,((NODE 00110211)),-0.6730452686028144
003,27,1652460933.509317,Step_into_function_1,5,00110250,((NODE 00110250)),0.48689905557452035
003,28,1652460956.188817,Function_xref_1,1,001191a0,((NODE 001191a0)),-1.5607307186512827
003,29,1652460996.628963,Function_xref_1,2,001191a0,((NODE 001191a0)),-1.261885237287893
003,30,1652460996.916787,Function_xref_1,3,0010755d,((NODE 001191a0)),-1.2648659130574593
003,30,1652460996.916787,Function_xref_1,3,0010755d,((NODE 0010755d)),0.6227031952040402
003,31,1652461015.061074,Function_xref_1,4,00107540,((NODE 001191a0)),-1.4226900083318428
003,31,1652461015.061074,Function_xref_1,4,00107540,((NODE 0010755d)),-1.4570471539896557
003,31,1652461015.061074,Function_xref_1,4,00107540,((NODE 00107540)),-1.4491778756747713
003,32,1652461032.403229,Annotation_1,1,00110208,((NODE 00110208)),-1.4265701207917882
003,33,1652461096.648857,Annotation_1,2,00110211,((NODE 00110208)),-2.200839766913897
003,33,1652461096.648857,Annotation_1,2,00110211,((NODE 00110211)),-2.081356838306079
003,34,1652461123.792778,Annotation_1,3,00110211,((NODE 00110208)),-2.3444417083519093
003,34,1652461123.792778,Annotation_1,3,00110211,((NODE 00110211)),-1.2155595331315505
003,35,1652461132.516602,Relabel_1,1,001191ae,((NODE 001191ae)),-1.08302883833897
003,36,1652461157.097374,Relabel_1,2,001191a0,((NODE 001191ae)),-1.7528477019487048
003,36,1652461157.097374,Relabel_1,2,001191a0,((NODE 001191a0)),-1.6009822540816478
003,37,1652461176.081661,Relabel_1,3,001191a0,((NODE 001191ae)),-1.978391892888303
003,37,1652461176.081661,Relabel_1,3,001191a0,((NODE 001191a0)),-0.9649112591701023
003,38,1652461187.953898,Undefined_Function_1,1,00117daf,((NODE 00117daf)),-1.2371013231957448
003,39,1652461206.955845,Undefined_Function_1,2,00117daf,((NODE 00117daf)),-0.8931240014350624
003,40,1652461232.103267,Undefined_Function_1,3,00117daf,((NODE 00117daf)),-0.7266663420302452
003,41,1652461236.501721,Undefined_Function_1,4,00117daf,((NODE 00117daf)),-0.06939532562244441
003,42,1652461257.009497,Relabel_2,1,00117daf,((NODE 00117daf)),-1.5104020661828428
003,43,1652461419.753392,Relabel_2,2,00117daf,((NODE 00117daf)),-1.8821722668575442
003,44,1652461423.418502,Relabel_2,3,00117daf,((NODE 00117daf)),-0.3959995749050166
003,45,1652461424.290829,Relabel_2,4,00117daf,((NODE 00117daf)),0.5249818399224471
003,46,1652461427.256117,Relabel_2,5,00117daf,((NODE 00117daf)),0.47332037431602014
003,47,1652461457.868906,Relabel_2,6,00117db0,((NODE 00117daf)),-0.44208868098035575
003,47,1652461457.868906,Relabel_2,6,00117db0,((NODE 00117db0)),-1.7107089300329086
003,48,1652461461.905369,Relabel_2,7,00117db0,((NODE 00117daf)),-0.4865636134766476
003,48,1652461461.905369,Relabel_2,7,00117db0,((NODE 00117db0)),-0.4040349981700872
003,49,1652461462.957588,Relabel_2,8,00117db0,((NODE 00117daf)),-0.4973808224337661
003,49,1652461462.957588,Relabel_2,8,00117db0,((NODE 00117db0)),0.46092011428352486
003,50,1652461464.991471,Relabel_2,9,00117db0,((NODE 00117daf)),-0.5174887549864838
003,50,1652461464.991471,Relabel_2,9,00117db0,((NODE 00117db0)),0.5921764595386477
003,51,1652461469.114760,Relabel_2,10,00117db0,((NODE 00117daf)),-0.5553732956760333
003,51,1652461469.114760,Relabel_2,10,00117db0,((NODE 00117db0)),0.5427127830201999
003,52,1652461472.608147,Relabel_2,11,00117db0,((NODE 00117daf)),-0.5848706022599932
003,52,1652461472.608147,Relabel_2,11,00117db0,((NODE 00117db0)),0.6595410976887817
003,53,1652461479.421343,Relabel_2,12,00117db0,((NODE 00117daf)),-0.6368051416415249
003,53,1652461479.421343,Relabel_2,12,00117db0,((NODE 00117db0)),0.5861736539732544
003,54,1652461493.016832,Relabel_2,13,00117daf,((NODE 00117daf)),-0.27963176586608895
003,54,1652461493.016832,Relabel_2,13,00117daf,((NODE 00117db0)),0.237805658812706
003,55,1652461497.800314,Relabel_2,14,00117daf,((NODE 00117daf)),0.15063006375222693
003,55,1652461497.800314,Relabel_2,14,00117daf,((NODE 00117db0)),0.1605555451782297
003,56,1652461498.821610,Relabel_2,15,00117daf,((NODE 00117daf)),0.7424688415088275
003,56,1652461498.821610,Relabel_2,15,00117daf,((NODE 00117db0)),0.14562071761663836
003,57,1652461503.688280,Relabel_2,16,00117daf,((NODE 00117daf)),0.605609766846984
003,57,1652461503.688280,Relabel_2,16,00117daf,((NODE 00117db0)),0.08038696670004032
003,58,1652461523.620740,Entry_Point_Function_1,1,00100000,((NODE 00100000)),-1.4961747750764696
003,59,1652461553.272115,Entry_Point_Function_1,2,00107540,((NODE 00100000)),-1.9518324355327397
003,59,1652461553.272115,Entry_Point_Function_1,2,00107540,((NODE 00107540)),-1.6947542503007735
003,60,1652461553.390553,Entry_Point_Function_1,3,00107540,((NODE 00100000)),-1.9530253321451312
003,60,1652461553.390553,Entry_Point_Function_1,3,00107540,((NODE 00107540)),1.1278484913114923
003,61,1652461567.217056,Entry_Point_Function_2,1,00107540,((NODE 00107540)),-1.3132936301855003
003,62,1652461643.934729,Entry_Point_Function_2,2,0010754f,((NODE 00107540)),-2.2529189326638215
003,62,1652461643.934729,Entry_Point_Function_2,2,0010754f,((NODE 0010754f)),-2.170066049932985
003,63,1652461644.284851,Entry_Point_Function_2,3,0013fd00,((NODE 00107540)),-2.2548486358930844
003,63,1652461644.284851,Entry_Point_Function_2,3,0013fd00,((NODE 0010754f)),-2.172342744761182
003,63,1652461644.284851,Entry_Point_Function_2,3,0013fd00,((NODE 0013fd00)),0.5247368426837952
003,64,1652461650.633732,Entry_Point_Function_2,4,00107540,((NODE 00107540)),-0.6965922146622596
003,64,1652461650.633732,Entry_Point_Function_2,4,00107540,((NODE 0010754f)),-2.211924120974181
003,64,1652461650.633732,Entry_Point_Function_2,4,00107540,((NODE 0013fd00)),-0.9509793532727868
003,65,1652461687.046031,Entry_Point_Function_2,5,00107564,((NODE 00107540)),-1.4295278539110756
003,65,1652461687.046031,Entry_Point_Function_2,5,00107564,((NODE 0010754f)),-2.393032758779076
003,65,1652461687.046031,Entry_Point_Function_2,5,00107564,((NODE 0013fd00)),-1.881892593884258
003,65,1652461687.046031,Entry_Point_Function_2,5,00107564,((NODE 00107564)),-1.7974532999648178
003,66,1652461692.520059,Entry_Point_Function_2,6,0010755d,((NODE 00107540)),-1.4750616192996768
003,66,1652461692.520059,Entry_Point_Function_2,6,0010755d,((NODE 0010754f)),-2.41536741433789
003,66,1652461692.520059,Entry_Point_Function_2,6,0010755d,((NODE 0013fd00)),-1.941660816841437
003,66,1652461692.520059,Entry_Point_Function_2,6,0010755d,((NODE 00107564)),-1.8674797248826653
003,66,1652461692.520059,Entry_Point_Function_2,6,0010755d,((NODE 0010755d)),-0.8500073729409547
003,67,1652461692.879739,Entry_Point_Function_2,7,001191a0,((NODE 00107540)),-1.4778773113174963
003,67,1652461692.879739,Entry_Point_Function_2,7,001191a0,((NODE 0010754f)),-2.416800599046285
003,67,1652461692.879739,Entry_Point_Function_2,7,001191a0,((NODE 0013fd00)),-1.9453487109689362
003,67,1652461692.879739,Entry_Point_Function_2,7,001191a0,((NODE 00107564)),-1.8717549198239003
003,67,1652461692.879739,Entry_Point_Function_2,7,001191a0,((NODE 0010755d)),-0.8818264134877174
003,67,1652461692.879739,Entry_Point_Function_2,7,001191a0,((NODE 001191a0)),0.5112703529321296
003,68,1652461707.976906,Relabel_3,1,001171a0,((NODE 001171a0)),-1.3572535556616763
003,69,1652461772.251416,Relabel_3,2,001171a0,((NODE 001171a0)),-1.4397886464207768
003,70,1652461792.955011,Relabel_3,3,001191a0,((NODE 001171a0)),-1.5680964366499497
003,70,1652461792.955011,Relabel_3,3,001191a0,((NODE 001191a0)),-1.5151536764857678
003,71,1652461800.919821,Relabel_3,4,001191a0,((NODE 001171a0)),-1.6097669517983721
003,71,1652461800.919821,Relabel_3,4,001191a0,((NODE 001191a0)),-0.6141516585161958
003,72,1652461806.850407,Relabel_3,5,00119198,((NODE 001171a0)),-1.6386675354390907
003,72,1652461806.850407,Relabel_3,5,00119198,((NODE 001191a0)),-0.8249135003624122
003,72,1652461806.850407,Relabel_3,5,00119198,((NODE 00119198)),-0.8900615021428898
003,73,1652461808.051634,Relabel_3,6,001191a0,((NODE 001171a0)),-1.6443217229422362
003,73,1652461808.051634,Relabel_3,6,001191a0,((NODE 001191a0)),0.2903586281742091
003,73,1652461808.051634,Relabel_3,6,001191a0,((NODE 00119198)),-0.982282743358979
003,74,1652461813.693410,Relabel_3,7,001191a0,((NODE 001171a0)),-1.6700486909841255
003,74,1652461813.693410,Relabel_3,7,001191a0,((NODE 001191a0)),0.16399969075861728
003,74,1652461813.693410,Relabel_3,7,001191a0,((NODE 00119198)),-1.2736898358671125
003,75,1652461859.517507,Label_Assignment_1,1,00110210,((NODE 00110210)),-1.9124050457732023
003,76,1652461920.839605,Label_Assignment_1,2,00110210,((NODE 00110210)),-1.4947358406870517
003,77,1652461927.660148,Label_Assignment_1,3,00110210,((NODE 00110210)),-0.514636838005228
003,78,1652461943.304457,Label_Assignment_1,4,00110250,((NODE 00110210)),-0.8963208479208331
003,78,1652461943.304457,Label_Assignment_1,4,00110250,((NODE 00110250)),-1.375053605742459
003,79,1652461956.619961,Label_Assignment_1,5,00110250,((NODE 00110210)),-1.0432603775722438
003,79,1652461956.619961,Label_Assignment_1,5,00110250,((NODE 00110250)),-0.7768142615140012
003,80,1652462002.783648,Label_Assignment_1,6,00110250,((NODE 00110210)),-1.3214896693525222
003,80,1652462002.783648,Label_Assignment_1,6,00110250,((NODE 00110250)),-0.9359353157200786
003,81,1652462026.091090,Label_Assignment_1,7,00110250,((NODE 00110210)),-1.4123483972808144
003,81,1652462026.091090,Label_Assignment_1,7,00110250,((NODE 00110250)),-0.6202479451708598
003,82,1652462039.605459,Label_Assignment_2,1,00129e70,((NODE 00129e70)),-1.3018767452913238
003,83,1652462073.770341,Label_Assignment_2,2,00129e70,((NODE 00129e70)),-1.1523089885055544
003,84,1652462082.026002,Label_Assignment_2,3,00110210,((NODE 00129e70)),-1.2474199901493084
003,84,1652462082.026002,Label_Assignment_2,3,00110210,((NODE 00110210)),-1.055449574075429
003,85,1652462142.312634,Label_Assignment_2,4,00129e70,((NODE 00129e70)),-1.1387326515642875
003,85,1652462142.312634,Label_Assignment_2,4,00129e70,((NODE 00110210)),-2.1137254859252246
003,86,1652462145.001886,Label_Assignment_2,5,00129e70,((NODE 00129e70)),-0.07804979612024067
003,86,1652462145.001886,Label_Assignment_2,5,00129e70,((NODE 00110210)),-2.1329678838267414
003,87,1652462152.386384,Label_Assignment_2,6,00129e70,((NODE 00129e70)),-0.014683580026559808
003,87,1652462152.386384,Label_Assignment_2,6,00129e70,((NODE 00110210)),-2.182287894588833
003,88,1652462163.519416,Label_Assignment_2,7,00129e70,((NODE 00129e70)),0.03454795955153612
003,88,1652462163.519416,Label_Assignment_2,7,00129e70,((NODE 00110210)),-2.248508861425513
003,89,1652462170.213868,Label_Assignment_2,8,00129e70,((NODE 00129e70)),0.2539392112229635
003,89,1652462170.213868,Label_Assignment_2,8,00129e70,((NODE 00110210)),-2.284478812216256
003,90,1652462187.921043,Label_Assignment_2,9,00129e70,((NODE 00129e70)),0.1539632379688536
003,90,1652462187.921043,Label_Assignment_2,9,00129e70,((NODE 00110210)),-2.3687597613784224
003,91,1652462200.411254,Label_Assignment_2,10,00129e70,((NODE 00129e70)),0.251468383848114
003,91,1652462200.411254,Label_Assignment_2,10,00129e70,((NODE 00110210)),-2.4206778125177126
003,92,1652462214.392155,Label_Assignment_2,11,00129e70,((NODE 00129e70)),0.302117211020547
003,92,1652462214.392155,Label_Assignment_2,11,00129e70,((NODE 00110210)),-2.47303705839556
003,93,1652462215.180714,Label_Assignment_2,12,00129e70,((NODE 00129e70)),0.9016526962959996
003,93,1652462215.180714,Label_Assignment_2,12,00129e70,((NODE 00110210)),-2.4758330549208796
003,94,1652462233.422987,Label_Assignment_2,13,00129e70,((NODE 00129e70)),0.4547554608931318
003,94,1652462233.422987,Label_Assignment_2,13,00129e70,((NODE 00110210)),-2.5365002465920785
003,95,1652462235.293591,Label_Assignment_2,14,00129e70,((NODE 00129e70)),0.8196186099796283
003,95,1652462235.293591,Label_Assignment_2,14,00129e70,((NODE 00110210)),-2.542324547893506
003,96,1652462252.478473,Function_Graph_Interaction_1,1,00110250,((NODE 00110250)),-1.422015019747269
003,97,1652462321.354895,Function_Graph_Interaction_1,2,00110276,((NODE 00110250)),-2.2275299402943896
003,97,1652462321.354895,Function_Graph_Interaction_1,2,00110276,((NODE 00110276)),-2.116156957890018
003,98,1652462331.482834,Function_Graph_Interaction_1,3,00110250,((NODE 00110250)),-0.876623715862407
003,98,1652462331.482834,Function_Graph_Interaction_1,3,00110250,((NODE 00110276)),-2.184751527703611
003,99,1652462338.995923,Function_Graph_1,1,00110250,((NODE 00110250)),-1.0083233458368392
003,100,1652462414.557657,Function_Graph_1,2,00110376,((NODE 00110250)),-2.209870841231016
003,100,1652462414.557657,Function_Graph_1,2,00110376,((NODE 00110376)),-2.162474995252666
003,101,1652462422.015789,Function_Graph_1,3,0011039a,((NODE 00110250)),-2.252856963654396
003,101,1652462422.015789,Function_Graph_1,3,0011039a,((NODE 00110376)),-2.2095399642152223
003,101,1652462422.015789,Function_Graph_1,3,0011039a,((NODE 0011039a)),-1.004652492273533
003,102,1652462459.402753,Function_Graph_1,4,00110253,((NODE 00110250)),-2.4257022177132535
003,102,1652462459.402753,Function_Graph_1,4,00110253,((NODE 00110376)),-2.3954381297209215
003,102,1652462459.402753,Function_Graph_1,4,00110253,((NODE 0011039a)),-1.9016071213781889
003,102,1652462459.402753,Function_Graph_1,4,00110253,((NODE 00110253)),-1.8106610448617098
003,103,1652462558.298711,Function_Graph_1,5,00110269,((NODE 00110250)),-2.712069286819773
003,103,1652462558.298711,Function_Graph_1,5,00110269,((NODE 00110376)),-2.6952266843043926
003,103,1652462558.298711,Function_Graph_1,5,00110269,((NODE 0011039a)),-2.484006722550725
003,103,1652462558.298711,Function_Graph_1,5,00110269,((NODE 00110253)),-2.4573665169649535
003,103,1652462558.298711,Function_Graph_1,5,00110269,((NODE 00110269)),-2.2970341838450485
003,104,1652462634.295599,Function_Graph_1,6,00110269,((NODE 00110250)),-2.8565573384137304
003,104,1652462634.295599,Function_Graph_1,6,00110269,((NODE 00110376)),-2.843995345680881
003,104,1652462634.295599,Function_Graph_1,6,00110269,((NODE 0011039a)),-2.6962178317628
003,104,1652462634.295599,Function_Graph_1,6,00110269,((NODE 00110253)),-2.678952631343935
003,104,1652462634.295599,Function_Graph_1,6,00110269,((NODE 00110269)),-1.6590155010082142
003,105,1652462643.423302,Function_Graph_2,1,00110250,((NODE 00110250)),-1.1056570347306875
003,106,1652462686.973299,Function_Graph_2,2,00110269,((NODE 00110250)),-1.9820961084500326
003,106,1652462686.973299,Function_Graph_2,2,00110269,((NODE 00110269)),-1.88695481825423
003,107,1652462707.771930,Function_Graph_2,3,00110269,((NODE 00110250)),-2.148481663542789
003,107,1652462707.771930,Function_Graph_2,3,00110269,((NODE 00110269)),-1.0673094294258685
003,108,1652462805.359826,Function_Graph_2,4,00110269,((NODE 00110250)),-2.5710195415421175
003,108,1652462805.359826,Function_Graph_2,4,00110269,((NODE 00110269)),-1.3029898068177586
003,109,1652462835.842335,Function_Graph_2,5,00110269,((NODE 00110250)),-2.653010647474564
003,109,1652462835.842335,Function_Graph_2,5,00110269,((NODE 00110269)),-0.8591147262287773
003,110,1652462841.478706,Function_Graph_2,6,00141950,((NODE 00110250)),-2.666801488326287
003,110,1652462841.478706,Function_Graph_2,6,00141950,((NODE 00110269)),-0.905397695138944
003,110,1652462841.478706,Function_Graph_2,6,00141950,((NODE 00141950)),-0.8646202002376553
003,111,1652462863.422288,Function_Graph_2,7,00110270,((NODE 00110250)),-2.7171375387340304
003,111,1652462863.422288,Function_Graph_2,7,00110270,((NODE 00110269)),-1.0381992134092854
003,111,1652462863.422288,Function_Graph_2,7,00110270,((NODE 00141950)),-1.6585445833037862
003,111,1652462863.422288,Function_Graph_2,7,00110270,((NODE 00110270)),-1.544237353803907
003,112,1652462869.379381,Function_Graph_2,8,00110270,((NODE 00110250)),-2.7299709847874976
003,112,1652462869.379381,Function_Graph_2,8,00110270,((NODE 00110269)),-1.0664988635953807
003,112,1652462869.379381,Function_Graph_2,8,00110270,((NODE 00141950)),-1.7563253386262911
003,112,1652462869.379381,Function_Graph_2,8,00110270,((NODE 00110270)),-0.5124365650857654
003,113,1652462884.307597,Function_Graph_2,9,00110270,((NODE 00110250)),-2.7607544542316518
003,113,1652462884.307597,Function_Graph_2,9,00110270,((NODE 00110269)),-1.128781242267405
003,113,1652462884.307597,Function_Graph_2,9,00110270,((NODE 00141950)),-1.9404236462881828
003,113,1652462884.307597,Function_Graph_2,9,00110270,((NODE 00110270)),-0.4613403538924036
003,114,1652462892.019487,Function_Graph_2,10,00110270,((NODE 00110250)),-2.7759444049938535
003,114,1652462892.019487,Function_Graph_2,10,00110270,((NODE 00110269)),-1.1572417561050026
003,114,1652462892.019487,Function_Graph_2,10,00110270,((NODE 00141950)),-2.0142550623707662
003,114,1652462892.019487,Function_Graph_2,10,00110270,((NODE 00110270)),-0.10767036593656806
003,115,1652462895.282590,Function_Graph_2,11,00110270,((NODE 00110250)),-2.7822352814476154
003,115,1652462895.282590,Function_Graph_2,11,00110270,((NODE 00110269)),-1.168670601898943
003,115,1652462895.282590,Function_Graph_2,11,00110270,((NODE 00141950)),-2.0424858446035983
003,115,1652462895.282590,Function_Graph_2,11,00110270,((NODE 00110270)),0.31145958877261565
003,116,1652462974.395516,Function_Graph_2,12,00110270,((NODE 00110250)),-2.914619723888017
003,116,1652462974.395516,Function_Graph_2,12,00110270,((NODE 00110269)),-1.3778930042126882
003,116,1652462974.395516,Function_Graph_2,12,00110270,((NODE 00141950)),-2.465627114891174
003,116,1652462974.395516,Function_Graph_2,12,00110270,((NODE 00110270)),-0.49887507287214866
003,117,1652462988.321025,Function_Graph_2,13,00110270,((NODE 00110250)),-2.9346843675808567
003,117,1652462988.321025,Function_Graph_2,13,00110270,((NODE 00110269)),-1.4061508691225304
003,117,1652462988.321025,Function_Graph_2,13,00110270,((NODE 00141950)),-2.5135124239906994
003,117,1652462988.321025,Function_Graph_2,13,00110270,((NODE 00110270)),-0.17996799544037997
003,118,1652463074.817164,Point_of_Interest_Triage_1,1,00400000,((NODE 00400000)),-2.230049888838051
003,119,1652463127.412387,Point_of_Interest_Triage_1,2,00400038,((NODE 00400000)),-2.4675654988942246
003,119,1652463127.412387,Point_of_Interest_Triage_1,2,00400038,((NODE 00400038)),-1.9813126485890034
003,120,1652463137.326881,Point_of_Interest_Triage_1,3,004078f9,((NODE 00400000)),-2.501992803717915
003,120,1652463137.326881,Point_of_Interest_Triage_1,3,004078f9,((NODE 00400038)),-2.067661008229813
003,120,1652463137.326881,Point_of_Interest_Triage_1,3,004078f9,((NODE 004078f9)),-1.1469988653387846
003,121,1652463167.853277,Point_of_Interest_Triage_1,4,0040790d,((NODE 00400000)),-2.5951774345384075
003,121,1652463167.853277,Point_of_Interest_Triage_1,4,0040790d,((NODE 00400038)),-2.2664938649315247
003,121,1652463167.853277,Point_of_Interest_Triage_1,4,0040790d,((NODE 004078f9)),-1.849920701823678
003,121,1652463167.853277,Point_of_Interest_Triage_1,4,0040790d,((NODE 0040790d)),-1.7092958765704687
003,122,1652463204.383438,Point_of_Interest_Triage_1,5,00407903,((NODE 00400000)),-2.6877836580092636
003,122,1652463204.383438,Point_of_Interest_Triage_1,5,00407903,((NODE 00400038)),-2.432096259926315
003,122,1652463204.383438,Point_of_Interest_Triage_1,5,00407903,((NODE 004078f9)),-2.1717146964657665
003,122,1652463204.383438,Point_of_Interest_Triage_1,5,00407903,((NODE 0040790d)),-2.1027682001501034
003,122,1652463204.383438,Point_of_Interest_Triage_1,5,00407903,((NODE 00407903)),-1.7990691260153369
003,123,1652463206.160254,Point_of_Interest_Triage_1,6,004078ff,((NODE 00400000)),-2.691878654777544
003,123,1652463206.160254,Point_of_Interest_Triage_1,6,004078ff,((NODE 00400038)),-2.438906453823714
003,123,1652463206.160254,Point_of_Interest_Triage_1,6,004078ff,((NODE 004078f9)),-2.1831255964941847
003,123,1652463206.160254,Point_of_Interest_Triage_1,6,004078ff,((NODE 0040790d)),-2.115844350508753
003,123,1652463206.160254,Point_of_Interest_Triage_1,6,004078ff,((NODE 00407903)),-1.8228160237877677
003,123,1652463206.160254,Point_of_Interest_Triage_1,6,004078ff,((NODE 004078ff)),-0.2874114686571013
003,124,1652463208.446510,Point_of_Interest_Triage_1,7,004078f9,((NODE 00400000)),-2.697098885466729
003,124,1652463208.446510,Point_of_Interest_Triage_1,7,004078f9,((NODE 00400038)),-2.44753494683014
003,124,1652463208.446510,Point_of_Interest_Triage_1,7,004078f9,((NODE 004078f9)),-0.2581916675281408
003,124,1652463208.446510,Point_of_Interest_Triage_1,7,004078f9,((NODE 0040790d)),-2.132181688345384
003,124,1652463208.446510,Point_of_Interest_Triage_1,7,004078f9,((NODE 00407903)),-1.8518006902562016
003,124,1652463208.446510,Point_of_Interest_Triage_1,7,004078f9,((NODE 004078ff)),-0.7009696647092826
003,125,1652463256.135269,Point_of_Interest_Triage_1,8,0040792c,((NODE 00400000)),-2.7951468104543506
003,125,1652463256.135269,Point_of_Interest_Triage_1,8,0040792c,((NODE 00400038)),-2.6001264873923615
003,125,1652463256.135269,Point_of_Interest_Triage_1,8,0040792c,((NODE 004078f9)),-1.471431787659442
003,125,1652463256.135269,Point_of_Interest_Triage_1,8,0040792c,((NODE 0040790d)),-2.388756005226304
003,125,1652463256.135269,Point_of_Interest_Triage_1,8,0040792c,((NODE 00407903)),-2.24026807261625
003,125,1652463256.135269,Point_of_Interest_Triage_1,8,0040792c,((NODE 004078ff)),-1.9732299048059208
003,125,1652463256.135269,Point_of_Interest_Triage_1,8,0040792c,((NODE 0040792c)),-1.9323478533006597
003,126,1652463304.291736,Point_of_Interest_Triage_1,9,00407954,((NODE 00400000)),-2.877824761279814
003,126,1652463304.291736,Point_of_Interest_Triage_1,9,00407954,((NODE 00400038)),-2.717896112864668
003,126,1652463304.291736,Point_of_Interest_Triage_1,9,00407954,((NODE 004078f9)),-1.7364886779292246
003,126,1652463304.291736,Point_of_Interest_Triage_1,9,00407954,((NODE 0040790d)),-2.558891670450977
003,126,1652463304.291736,Point_of_Interest_Triage_1,9,00407954,((NODE 00407903)),-2.4579368312775016
003,126,1652463304.291736,Point_of_Interest_Triage_1,9,00407954,((NODE 004078ff)),-2.30212637151887
003,126,1652463304.291736,Point_of_Interest_Triage_1,9,00407954,((NODE 0040792c)),-2.2813673296446373
003,126,1652463304.291736,Point_of_Interest_Triage_1,9,00407954,((NODE 00407954)),-1.9372277189316363
003,127,1652463318.783166,Point_of_Interest_Triage_1,10,00407979,((NODE 00400000)),-2.900246051080725
003,127,1652463318.783166,Point_of_Interest_Triage_1,10,00407979,((NODE 00400038)),-2.7485144397340227
003,127,1652463318.783166,Point_of_Interest_Triage_1,10,00407979,((NODE 004078f9)),-1.792659232285447
003,127,1652463318.783166,Point_of_Interest_Triage_1,10,00407979,((NODE 0040790d)),-2.6005073853497964
003,127,1652463318.783166,Point_of_Interest_Triage_1,10,00407979,((NODE 00407903)),-2.5084077087451413
003,127,1652463318.783166,Point_of_Interest_Triage_1,10,00407979,((NODE 004078ff)),-2.3698493498794324
003,127,1652463318.783166,Point_of_Interest_Triage_1,10,00407979,((NODE 0040792c)),-2.351768099873299
003,127,1652463318.783166,Point_of_Interest_Triage_1,10,00407979,((NODE 00407954)),-2.0687650567108182
003,127,1652463318.783166,Point_of_Interest_Triage_1,10,00407979,((NODE 00407979)),-1.3367787216311686
003,128,1652463323.524009,Point_of_Interest_Triage_1,11,00407988,((NODE 00400000)),-2.9073681354992758
003,128,1652463323.524009,Point_of_Interest_Triage_1,11,00407988,((NODE 00400038)),-2.7581374368660634
003,128,1652463323.524009,Point_of_Interest_Triage_1,11,00407988,((NODE 004078f9)),-1.8096288189400314
003,128,1652463323.524009,Point_of_Interest_Triage_1,11,00407988,((NODE 0040790d)),-2.6134029703788713
003,128,1652463323.524009,Point_of_Interest_Triage_1,11,00407988,((NODE 00407903)),-2.523871542214252
003,128,1652463323.524009,Point_of_Interest_Triage_1,11,00407988,((NODE 004078ff)),-2.3901520319270912
003,128,1652463323.524009,Point_of_Interest_Triage_1,11,00407988,((NODE 0040792c)),-2.3728029024909274
003,128,1652463323.524009,Point_of_Interest_Triage_1,11,00407988,((NODE 00407954)),-2.1052389712889417
003,128,1652463323.524009,Point_of_Interest_Triage_1,11,00407988,((NODE 00407979)),-1.4782948793185466
003,128,1652463323.524009,Point_of_Interest_Triage_1,11,00407988,((NODE 00407988)),-0.7781074900758671
003,129,1652463327.895881,Point_of_Interest_Triage_1,12,004079a1,((NODE 00400000)),-2.9138472058876004
003,129,1652463327.895881,Point_of_Interest_Triage_1,12,004079a1,((NODE 00400038)),-2.766850287348129
003,129,1652463327.895881,Point_of_Interest_Triage_1,12,004079a1,((NODE 004078f9)),-1.8247412587113114
003,129,1652463327.895881,Point_of_Interest_Triage_1,12,004079a1,((NODE 0040790d)),-2.6250071668704478
003,129,1652463327.895881,Point_of_Interest_Triage_1,12,004079a1,((NODE 00407903)),-2.5377200272994096
003,129,1652463327.895881,Point_of_Interest_Triage_1,12,004079a1,((NODE 004078ff)),-2.4081709513151868
003,129,1652463327.895881,Point_of_Interest_Triage_1,12,004079a1,((NODE 0040792c)),-2.391446303396569
003,129,1652463327.895881,Point_of_Interest_Triage_1,12,004079a1,((NODE 00407954)),-2.1366678731474695
003,129,1652463327.895881,Point_of_Interest_Triage_1,12,004079a1,((NODE 00407979)),-1.5807111671615002
003,129,1652463327.895881,Point_of_Interest_Triage_1,12,004079a1,((NODE 00407988)),-1.1048353458327207
003,129,1652463327.895881,Point_of_Interest_Triage_1,12,004079a1,((NODE 004079a1)),-0.7375956404141101
003,130,1652463346.056718,Point_of_Interest_Triage_1,13,00407680,((NODE 00400000)),-2.9398972133136607
003,130,1652463346.056718,Point_of_Interest_Triage_1,13,00407680,((NODE 00400038)),-2.801501197064485
003,130,1652463346.056718,Point_of_Interest_Triage_1,13,00407680,((NODE 004078f9)),-1.8827216680154593
003,130,1652463346.056718,Point_of_Interest_Triage_1,13,00407680,((NODE 0040790d)),-2.670520385351409
003,130,1652463346.056718,Point_of_Interest_Triage_1,13,00407680,((NODE 00407903)),-2.591462912708621
003,130,1652463346.056718,Point_of_Interest_Triage_1,13,00407680,((NODE 004078ff)),-2.4767617807622537
003,130,1652463346.056718,Point_of_Interest_Triage_1,13,00407680,((NODE 0040792c)),-2.462212554522463
003,130,1652463346.056718,Point_of_Interest_Triage_1,13,00407680,((NODE 00407954)),-2.249468251195133
003,130,1652463346.056718,Point_of_Interest_Triage_1,13,00407680,((NODE 00407979)),-1.8660291212882634
003,130,1652463346.056718,Point_of_Interest_Triage_1,13,00407680,((NODE 00407988)),-1.6529587239880428
003,130,1652463346.056718,Point_of_Interest_Triage_1,13,00407680,((NODE 004079a1)),-1.5574839961487936
003,130,1652463346.056718,Point_of_Interest_Triage_1,13,00407680,((NODE 00407680)),-1.4496337359854095
003,131,1652463402.788876,Point_of_Interest_Triage_1,14,00407680,((NODE 00400000)),-3.0134977055206686
003,131,1652463402.788876,Point_of_Interest_Triage_1,14,00407680,((NODE 00400038)),-2.89646368055264
003,131,1652463402.788876,Point_of_Interest_Triage_1,14,00407680,((NODE 004078f9)),-2.028175707858223
003,131,1652463402.788876,Point_of_Interest_Triage_1,14,00407680,((NODE 0040790d)),-2.79073584294827
003,131,1652463402.788876,Point_of_Interest_Triage_1,14,00407680,((NODE 00407903)),-2.729655715077689
003,131,1652463402.788876,Point_of_Interest_Triage_1,14,00407680,((NODE 004078ff)),-2.6451563017393895
003,131,1652463402.788876,Point_of_Interest_Triage_1,14,00407680,((NODE 0040792c)),-2.6348106883872515
003,131,1652463402.788876,Point_of_Interest_Triage_1,14,00407680,((NODE 00407954)),-2.4940366959922935
003,131,1652463402.788876,Point_of_Interest_Triage_1,14,00407680,((NODE 00407979)),-2.2950137569703766
003,131,1652463402.788876,Point_of_Interest_Triage_1,14,00407680,((NODE 00407988)),-2.215442387105572
003,131,1652463402.788876,Point_of_Interest_Triage_1,14,00407680,((NODE 004079a1)),-2.1863974961137256
003,131,1652463402.788876,Point_of_Interest_Triage_1,14,00407680,((NODE 00407680)),-1.393044898761845
003,132,1652463455.676973,Point_of_Interest_Triage_1,15,00407680,((NODE 00400000)),-3.0735455845373196
003,132,1652463455.676973,Point_of_Interest_Triage_1,15,00407680,((NODE 00400038)),-2.971215676227322
003,132,1652463455.676973,Point_of_Interest_Triage_1,15,00407680,((NODE 004078f9)),-2.1328399648715615
003,132,1652463455.676973,Point_of_Interest_Triage_1,15,00407680,((NODE 0040790d)),-2.8815758479976696
003,132,1652463455.676973,Point_of_Interest_Triage_1,15,00407680,((NODE 00407903)),-2.8311740632464604
003,132,1652463455.676973,Point_of_Interest_Triage_1,15,00407680,((NODE 004078ff)),-2.7633108589858035
003,132,1652463455.676973,Point_of_Interest_Triage_1,15,00407680,((NODE 0040792c)),-2.755160475152394
003,132,1652463455.676973,Point_of_Interest_Triage_1,15,00407680,((NODE 00407954)),-2.648011628990699
003,132,1652463455.676973,Point_of_Interest_Triage_1,15,00407680,((NODE 00407979)),-2.509913913887257
003,132,1652463455.676973,Point_of_Interest_Triage_1,15,00407680,((NODE 00407988)),-2.4596027475668554
003,132,1652463455.676973,Point_of_Interest_Triage_1,15,00407680,((NODE 004079a1)),-2.441980035363972
003,132,1652463455.676973,Point_of_Interest_Triage_1,15,00407680,((NODE 00407680)),-1.1348165393730667
003,133,1652463458.696717,Point_of_Interest_Triage_1,16,00407680,((NODE 00400000)),-3.076765860176839
003,133,1652463458.696717,Point_of_Interest_Triage_1,16,00407680,((NODE 00400038)),-2.9751644197648677
003,133,1652463458.696717,Point_of_Interest_Triage_1,16,00407680,((NODE 004078f9)),-2.138185574383718
003,133,1652463458.696717,Point_of_Interest_Triage_1,16,00407680,((NODE 0040790d)),-2.88629629864368
003,133,1652463458.696717,Point_of_Interest_Triage_1,16,00407680,((NODE 00407903)),-2.8363925578565152
003,133,1652463458.696717,Point_of_Interest_Triage_1,16,00407680,((NODE 004078ff)),-2.7692834442887797
003,133,1652463458.696717,Point_of_Interest_Triage_1,16,00407680,((NODE 0040792c)),-2.7612306225786662
003,133,1652463458.696717,Point_of_Interest_Triage_1,16,00407680,((NODE 00407954)),-2.6555216439547342
003,133,1652463458.696717,Point_of_Interest_Triage_1,16,00407680,((NODE 00407979)),-2.519789449157951
003,133,1652463458.696717,Point_of_Interest_Triage_1,16,00407680,((NODE 00407988)),-2.470512369841767
003,133,1652463458.696717,Point_of_Interest_Triage_1,16,00407680,((NODE 004079a1)),-2.4532766397908103
003,133,1652463458.696717,Point_of_Interest_Triage_1,16,00407680,((NODE 00407680)),-0.11556839019115894
003,134,1652463573.726176,Point_of_Interest_Analysis_1,1,004078f9,((NODE 004078f9)),-2.3725941303863753
003,135,1652463586.022305,Point_of_Interest_Analysis_1,2,0040791d,((NODE 004078f9)),-2.4233737453841253
003,135,1652463586.022305,Point_of_Interest_Analysis_1,2,0040791d,((NODE 0040791d)),-1.2546422482218167
003,136,1652463596.459070,Point_of_Interest_Analysis_1,3,004078f9,((NODE 004078f9)),-0.9295298912671662
003,136,1652463596.459070,Point_of_Interest_Analysis_1,3,004078f9,((NODE 0040791d)),-1.5619064740042965
003,137,1652463809.327447,Point_of_Interest_Analysis_1,4,004078d2,((NODE 004078f9)),-2.1175727024469797
003,137,1652463809.327447,Point_of_Interest_Analysis_1,4,004078d2,((NODE 0040791d)),-2.7310704230675142
003,137,1652463809.327447,Point_of_Interest_Analysis_1,4,004078d2,((NODE 004078d2)),-2.680337013102137
003,138,1652463845.566816,Point_of_Interest_Analysis_1,5,004078d2,((NODE 004078f9)),-2.181136317533938
003,138,1652463845.566816,Point_of_Interest_Analysis_1,5,004078d2,((NODE 0040791d)),-2.802608006248635
003,138,1652463845.566816,Point_of_Interest_Analysis_1,5,004078d2,((NODE 004078d2)),-1.4719653810898587
003,139,1652463862.307365,Point_of_Interest_Analysis_1,6,004078e8,((NODE 004078f9)),-2.2078412822115685
003,139,1652463862.307365,Point_of_Interest_Analysis_1,6,004078e8,((NODE 0040791d)),-2.8324882318741054
003,139,1652463862.307365,Point_of_Interest_Analysis_1,6,004078e8,((NODE 004078d2)),-1.6158684420854874
003,139,1652463862.307365,Point_of_Interest_Analysis_1,6,004078e8,((NODE 004078e8)),-1.408916925604397
003,140,1652463911.590541,Point_of_Interest_Analysis_1,7,004078e8,((NODE 004078f9)),-2.2787592321388557
003,140,1652463911.590541,Point_of_Interest_Analysis_1,7,004078e8,((NODE 0040791d)),-2.9113222637782314
003,140,1652463911.590541,Point_of_Interest_Analysis_1,7,004078e8,((NODE 004078d2)),-1.8629171835251708
003,140,1652463911.590541,Point_of_Interest_Analysis_1,7,004078e8,((NODE 004078e8)),-1.3260820451157758
003,141,1652463919.659024,Point_of_Interest_Analysis_1,8,0040792c,((NODE 004078f9)),-2.2894330166404577
003,141,1652463919.659024,Point_of_Interest_Analysis_1,8,0040792c,((NODE 0040791d)),-2.923122337614665
003,141,1652463919.659024,Point_of_Interest_Analysis_1,8,0040792c,((NODE 004078d2)),-1.8916207732768797
003,141,1652463919.659024,Point_of_Interest_Analysis_1,8,0040792c,((NODE 004078e8)),-1.3934325159854817
003,141,1652463919.659024,Point_of_Interest_Analysis_1,8,0040792c,((NODE 0040792c)),-1.0439827492984999
003,142,1652463961.366603,Point_of_Interest_Analysis_1,9,0040792c,((NODE 004078f9)),-2.3411333931525555
003,142,1652463961.366603,Point_of_Interest_Analysis_1,9,0040792c,((NODE 0040791d)),-2.9800390875393115
003,142,1652463961.366603,Point_of_Interest_Analysis_1,9,0040792c,((NODE 004078d2)),-2.01403373169335
003,142,1652463961.366603,Point_of_Interest_Analysis_1,9,0040792c,((NODE 004078e8)),-1.6429862911040163
003,142,1652463961.366603,Point_of_Interest_Analysis_1,9,0040792c,((NODE 0040792c)),-1.2154300120736425
003,143,1652464038.009989,Point_of_Interest_Triage_2,1,00402444,((NODE 00402444)),-2.1695816574547595
003,144,1652464064.303031,Point_of_Interest_Triage_2,2,00402457,((NODE 00402444)),-2.317055797239055
003,144,1652464064.303031,Point_of_Interest_Triage_2,2,00402457,((NODE 00402457)),-1.6346521696662504
003,145,1652464070.800394,Point_of_Interest_Triage_2,3,00402444,((NODE 00402444)),-0.7176356805402755
003,145,1652464070.800394,Point_of_Interest_Triage_2,3,00402444,((NODE 00402457)),-1.745067971587433
003,146,1652464190.519366,Point_of_Interest_Analysis_2,1,00402444,((NODE 00402444)),-2.392573547987752
003,147,1652464250.609180,Point_of_Interest_Analysis_2,2,00402260,((NODE 00402444)),-2.5959469928895054
003,147,1652464250.609180,Point_of_Interest_Analysis_2,2,00402260,((NODE 00402260)),-2.0479201710566723
003,148,1652464268.731193,Point_of_Interest_Analysis_2,3,00402260,((NODE 00402444)),-2.643958734821321
003,148,1652464268.731193,Point_of_Interest_Analysis_2,3,00402260,((NODE 00402260)),-1.0556053516413273
003,149,1652464431.260542,Point_of_Interest_Triage_3,1,0040788f,((NODE 0040788f)),-2.545429296885654
003,150,1652464513.636251,Point_of_Interest_Analysis_3,1,0040788f,((NODE 0040788f)),-2.2056453002280434
003,151,1652464557.473422,Point_of_Interest_Analysis_3,2,004078d2,((NODE 0040788f)),-2.418985003093753
003,151,1652464557.473422,Point_of_Interest_Analysis_3,2,004078d2,((NODE 004078d2)),-1.8902410561106135
003,152,1652464661.208550,Point_of_Interest_Triage_4,1,0040778b,((NODE 0040778b)),-2.3209204017715486
003,153,1652464777.738302,Point_of_Interest_Triage_4,2,004076ad,((NODE 0040778b)),-2.6974154109310127
003,153,1652464777.738302,Point_of_Interest_Triage_4,2,004076ad,((NODE 004076ad)),-2.379073311256731
003,154,1652464788.202484,Point_of_Interest_Triage_4,3,004076ad,((NODE 0040778b)),-2.720622064843046
003,154,1652464788.202484,Point_of_Interest_Triage_4,3,004076ad,((NODE 004076ad)),-0.9216244619653322
003,155,1652464789.186774,Point_of_Interest_Triage_4,4,004076ad,((NODE 0040778b)),-2.7227505279337847
003,155,1652464789.186774,Point_of_Interest_Triage_4,4,004076ad,((NODE 004076ad)),0.33066351807213146
003,156,1652464913.184791,Point_of_Interest_Analysis_4,1,0040778b,((NODE 0040778b)),-2.4101327870638998
003,157,1652465109.478658,Point_of_Interest_Analysis_4,2,004077eb,((NODE 0040778b)),-2.884616358689444
003,157,1652465109.478658,Point_of_Interest_Analysis_4,2,004077eb,((NODE 004077eb)),-2.6398064285754277
003,158,1652465112.167725,Point_of_Interest_Analysis_4,3,004077eb,((NODE 0040778b)),-2.888796673235257
003,158,1652465112.167725,Point_of_Interest_Analysis_4,3,004077eb,((NODE 004077eb)),-0.38462232993450746
003,159,1652465141.283060,Point_of_Interest_Analysis_4,4,004077eb,((NODE 0040778b)),-2.9319523390657896
003,159,1652465141.283060,Point_of_Interest_Analysis_4,4,004077eb,((NODE 004077eb)),-0.8466271376424342
003,160,1652465159.633976,Point_of_Interest_Analysis_4,5,0040778b,((NODE 0040778b)),-1.2538849254095084
003,160,1652465159.633976,Point_of_Interest_Analysis_4,5,0040778b,((NODE 004077eb)),-1.0496833383480473
003,161,1652465170.119758,Point_of_Interest_Analysis_4,6,0040779c,((NODE 0040778b)),-1.4377710392190652
003,161,1652465170.119758,Point_of_Interest_Analysis_4,6,0040779c,((NODE 004077eb)),-1.1327002803484014
003,161,1652465170.119758,Point_of_Interest_Analysis_4,6,0040779c,((NODE 0040779c)),-1.1750101177697758
003,162,1652465251.407371,Point_of_Interest_Analysis_4,7,0040779c,((NODE 0040778b)),-1.9532986219483615
003,162,1652465251.407371,Point_of_Interest_Analysis_4,7,0040779c,((NODE 004077eb)),-1.5003144527150345
003,162,1652465251.407371,Point_of_Interest_Analysis_4,7,0040779c,((NODE 0040779c)),-1.5357218904842127
003,163,1652465295.333978,Point_of_Interest_Analysis_4,8,004077eb,((NODE 0040778b)),-2.0792980682573363
003,163,1652465295.333978,Point_of_Interest_Analysis_4,8,004077eb,((NODE 004077eb)),-1.0518908691170994
003,163,1652465295.333978,Point_of_Interest_Analysis_4,8,004077eb,((NODE 0040779c)),-1.7417688778042448
003,164,1652465424.525065,Point_of_Interest_Triage_5,1,00401313,((NODE 00401313)),-2.4306463014794852
003,165,1652465656.497321,Point_of_Interest_Analysis_5,1,00401313,((NODE 00401313)),-2.723308889036101
003,166,1652465820.412532,Point_of_Interest_Analysis_5,2,00401220,((NODE 00401313)),-2.990564998497747
003,166,1652465820.412532,Point_of_Interest_Analysis_5,2,00401220,((NODE 00401220)),-2.549674644628701
003,167,1652465850.111428,Point_of_Interest_Analysis_5,3,00401220,((NODE 00401313)),-3.026733947936044
003,167,1652465850.111428,Point_of_Interest_Analysis_5,3,00401220,((NODE 00401220)),-1.3650625593798351
003,168,1652465992.445245,Point_of_Interest_Analysis_5,4,004012fa,((NODE 00401313)),-3.1709904404110407
003,168,1652465992.445245,Point_of_Interest_Analysis_5,4,004012fa,((NODE 00401220)),-2.034080213796827
003,168,1652465992.445245,Point_of_Interest_Analysis_5,4,004012fa,((NODE 004012fa)),-2.4790875613587198
003,169,1652466001.576258,Point_of_Interest_Analysis_5,5,004012fd,((NODE 00401313)),-3.1789654926370914
003,169,1652466001.576258,Point_of_Interest_Analysis_5,5,004012fd,((NODE 00401220)),-2.0547266721890365
003,169,1652466001.576258,Point_of_Interest_Analysis_5,5,004012fd,((NODE 004012fa)),-2.5101767261341137
003,169,1652466001.576258,Point_of_Interest_Analysis_5,5,004012fd,((NODE 004012fd)),-1.1058383161085157
003,170,1652466009.443833,Point_of_Interest_Analysis_5,6,00401301,((NODE 00401313)),-3.1857364898784373
003,170,1652466009.443833,Point_of_Interest_Analysis_5,6,00401301,((NODE 00401220)),-2.0717755084278293
003,170,1652466009.443833,Point_of_Interest_Analysis_5,6,00401301,((NODE 004012fa)),-2.5354963090067404
003,170,1652466009.443833,Point_of_Interest_Analysis_5,6,00401301,((NODE 004012fd)),-1.416565143396898
003,170,1652466009.443833,Point_of_Interest_Analysis_5,6,00401301,((NODE 00401301)),-1.0313749521152018
003,171,1652466012.764969,Point_of_Interest_Analysis_5,7,004012fd,((NODE 00401313)),-3.1885674324851063
003,171,1652466012.764969,Point_of_Interest_Analysis_5,7,004012fd,((NODE 00401220)),-2.0787808011255113
003,171,1652466012.764969,Point_of_Interest_Analysis_5,7,004012fd,((NODE 004012fa)),-2.545811211948638
003,171,1652466012.764969,Point_of_Interest_Analysis_5,7,004012fd,((NODE 004012fd)),-0.2606272919854245
003,171,1652466012.764969,Point_of_Interest_Analysis_5,7,004012fd,((NODE 00401301)),-1.207452669211692
003,172,1652466031.302319,Point_of_Interest_Analysis_5,8,004012ec,((NODE 00401313)),-3.2040808808880525
003,172,1652466031.302319,Point_of_Interest_Analysis_5,8,004012ec,((NODE 00401220)),-2.115989056849711
003,172,1652466031.302319,Point_of_Interest_Analysis_5,8,004012ec,((NODE 004012fa)),-2.599775561038677
003,172,1652466031.302319,Point_of_Interest_Analysis_5,8,004012ec,((NODE 004012fd)),-0.9826652745681113
003,172,1652466031.302319,Point_of_Interest_Analysis_5,8,004012ec,((NODE 00401301)),-1.6960120696784857
003,172,1652466031.302319,Point_of_Interest_Analysis_5,8,004012ec,((NODE 004012ec)),-1.4598938062266695
003,173,1652466072.206874,Point_of_Interest_Analysis_5,9,00401220,((NODE 00401313)),-3.2366997700907754
003,173,1652466072.206874,Point_of_Interest_Analysis_5,9,00401220,((NODE 00401220)),-1.3151955854385373
003,173,1652466072.206874,Point_of_Interest_Analysis_5,9,00401220,((NODE 004012fa)),-2.7015536129167863
003,173,1652466072.206874,Point_of_Interest_Analysis_5,9,00401220,((NODE 004012fd)),-1.4346609780624986
003,173,1652466072.206874,Point_of_Interest_Analysis_5,9,00401220,((NODE 00401301)),-2.1287318520880523
003,173,1652466072.206874,Point_of_Interest_Analysis_5,9,00401220,((NODE 004012ec)),-2.042499722687337
003,174,1652466122.423362,Point_of_Interest_Analysis_5,10,00401220,((NODE 00401313)),-3.274036692972421
003,174,1652466122.423362,Point_of_Interest_Analysis_5,10,00401220,((NODE 00401220)),-1.0505500890337773
003,174,1652466122.423362,Point_of_Interest_Analysis_5,10,00401220,((NODE 004012fa)),-2.8034741126800835
003,174,1652466122.423362,Point_of_Interest_Analysis_5,10,00401220,((NODE 004012fd)),-1.7048822358215705
003,174,1652466122.423362,Point_of_Interest_Analysis_5,10,00401220,((NODE 00401301)),-2.3972630719358246
003,174,1652466122.423362,Point_of_Interest_Analysis_5,10,00401220,((NODE 004012ec)),-2.3486850073133785
003,175,1652466129.880089,Point_of_Interest_Analysis_5,11,004012fd,((NODE 00401313)),-3.2793506281705183
003,175,1652466129.880089,Point_of_Interest_Analysis_5,11,004012fd,((NODE 00401220)),-1.0930184323188636
003,175,1652466129.880089,Point_of_Interest_Analysis_5,11,004012fd,((NODE 004012fa)),-2.81698152551704
003,175,1652466129.880089,Point_of_Interest_Analysis_5,11,004012fd,((NODE 004012fd)),-0.6113304225989576
003,175,1652466129.880089,Point_of_Interest_Analysis_5,11,004012fd,((NODE 00401301)),-2.4272005658313165
003,175,1652466129.880089,Point_of_Interest_Analysis_5,11,004012fd,((NODE 004012ec)),-2.3815786910577037
003,176,1652466132.348940,Point_of_Interest_Analysis_5,12,00401380,((NODE 00401313)),-3.281097649276219
003,176,1652466132.348940,Point_of_Interest_Analysis_5,12,00401380,((NODE 00401220)),-1.1059713052681006
003,176,1652466132.348940,Point_of_Interest_Analysis_5,12,00401380,((NODE 004012fa)),-2.821374478568861
003,176,1652466132.348940,Point_of_Interest_Analysis_5,12,00401380,((NODE 004012fd)),-0.708956763136665
003,176,1652466132.348940,Point_of_Interest_Analysis_5,12,00401380,((NODE 00401301)),-2.436730281814261
003,176,1652466132.348940,Point_of_Interest_Analysis_5,12,00401380,((NODE 004012ec)),-2.392009404499482
003,176,1652466132.348940,Point_of_Interest_Analysis_5,12,00401380,((NODE 00401380)),-0.45187639994738515
003,177,1652466138.044346,Point_of_Interest_Analysis_5,13,00401313,((NODE 00401313)),-0.7842553933775598
003,177,1652466138.044346,Point_of_Interest_Analysis_5,13,00401313,((NODE 00401220)),-1.134093551819382
003,177,1652466138.044346,Point_of_Interest_Analysis_5,13,00401313,((NODE 004012fa)),-2.8313637648215484
003,177,1652466138.044346,Point_of_Interest_Analysis_5,13,00401313,((NODE 004012fd)),-0.8578545839603949
003,177,1652466138.044346,Point_of_Interest_Analysis_5,13,00401313,((NODE 00401301)),-2.4580454004229977
003,177,1652466138.044346,Point_of_Interest_Analysis_5,13,00401313,((NODE 004012ec)),-2.4152731296193846
003,177,1652466138.044346,Point_of_Interest_Analysis_5,13,00401313,((NODE 00401380)),-1.0498828650946919
003,178,1652466443.569429,Point_of_Interest_Triage_6,1,00404510,((NODE 00404510)),-2.8610159397100285
003,179,1652466522.221850,Point_of_Interest_Triage_6,2,00404510,((NODE 00404510)),-1.8092534399640146
003,180,1652466527.798909,Point_of_Interest_Triage_6,3,00404560,((NODE 00404510)),-1.835002381746122
003,180,1652466527.798909,Point_of_Interest_Triage_6,3,00404560,((NODE 00404560)),-0.8593307909953015
003,181,1652466579.430112,Point_of_Interest_Triage_6,4,00404586,((NODE 00404510)),-2.01446701157756
003,181,1652466579.430112,Point_of_Interest_Triage_6,4,00404586,((NODE 00404560)),-2.0233491639663344
003,181,1652466579.430112,Point_of_Interest_Triage_6,4,00404586,((NODE 00404586)),-1.972063098895314
003,182,1652466581.178759,Point_of_Interest_Triage_6,5,00404560,((NODE 00404510)),-2.019282873433956
003,182,1652466581.178759,Point_of_Interest_Triage_6,5,00404560,((NODE 00404560)),-0.12052179248737131
003,182,1652466581.178759,Point_of_Interest_Triage_6,5,00404560,((NODE 00404586)),-1.9887166683627144
003,183,1652466592.270804,Point_of_Interest_Triage_6,6,00404510,((NODE 00404510)),-0.8458701022155616
003,183,1652466592.270804,Point_of_Interest_Triage_6,6,00404510,((NODE 00404560)),-0.9199314641934088
003,183,1652466592.270804,Point_of_Interest_Triage_6,6,00404510,((NODE 00404586)),-2.083114696044293
003,184,1652466599.109983,Point_of_Interest_Triage_6,7,00404560,((NODE 00404510)),-1.0136075217644958
003,184,1652466599.109983,Point_of_Interest_Triage_6,7,00404560,((NODE 00404560)),-0.3259460909497123
003,184,1652466599.109983,Point_of_Interest_Triage_6,7,00404560,((NODE 00404586)),-2.133525815593591
003,185,1652466661.454579,Point_of_Interest_Analysis_6,1,00404510,((NODE 00404510)),-2.0663384993617293
003,186,1652466679.360197,Point_of_Interest_Analysis_6,2,00404560,((NODE 00404510)),-2.1925747149589467
003,186,1652466679.360197,Point_of_Interest_Analysis_6,2,00404560,((NODE 00404560)),-1.4425572578459298
003,187,1652466684.905680,Point_of_Interest_Analysis_6,3,00404560,((NODE 00404510)),-2.225984426707883
003,187,1652466684.905680,Point_of_Interest_Analysis_6,3,00404560,((NODE 00404560)),-0.4602142460445351
003,188,1652466686.530268,Point_of_Interest_Analysis_6,4,00404560,((NODE 00404510)),-2.2353636746994616
003,188,1652466686.530268,Point_of_Interest_Analysis_6,4,00404560,((NODE 00404560)),0.3058045612651448
003,189,1652466688.295494,Point_of_Interest_Analysis_6,5,004052e0,((NODE 00404510)),-2.2453592974575556
003,189,1652466688.295494,Point_of_Interest_Analysis_6,5,004052e0,((NODE 00404560)),0.06831071766266869
003,189,1652466688.295494,Point_of_Interest_Analysis_6,5,004052e0,((NODE 004052e0)),-0.2841393993663344
003,190,1652466713.071466,Point_of_Interest_Analysis_6,6,00404510,((NODE 00404510)),-1.2222162495648456
003,190,1652466713.071466,Point_of_Interest_Analysis_6,6,00404510,((NODE 00404560)),-0.6934563921363645
003,190,1652466713.071466,Point_of_Interest_Analysis_6,6,00404510,((NODE 004052e0)),-1.6393490839353508
003,191,1652466806.631511,Point_of_Interest_Analysis_6,7,0040463c,((NODE 00404510)),-1.824216038310702
003,191,1652466806.631511,Point_of_Interest_Analysis_6,7,0040463c,((NODE 00404560)),-1.3383673303104031
003,191,1652466806.631511,Point_of_Interest_Analysis_6,7,0040463c,((NODE 004052e0)),-2.394167539450011
003,191,1652466806.631511,Point_of_Interest_Analysis_6,7,0040463c,((NODE 0040463c)),-2.269301711366113
003,192,1652466886.406658,Point_of_Interest_Analysis_6,8,0040463c,((NODE 00404510)),-2.039877715010081
003,192,1652466886.406658,Point_of_Interest_Analysis_6,8,0040463c,((NODE 00404560)),-1.5768855491902225
003,192,1652466886.406658,Point_of_Interest_Analysis_6,8,0040463c,((NODE 004052e0)),-2.648849562688962
003,192,1652466886.406658,Point_of_Interest_Analysis_6,8,0040463c,((NODE 0040463c)),-1.6717607726050692
003,193,1652466888.533727,Point_of_Interest_Analysis_6,9,00404510,((NODE 00404510)),-0.20443259770548447
003,193,1652466888.533727,Point_of_Interest_Analysis_6,9,00404510,((NODE 00404560)),-1.5819130643804264
003,193,1652466888.533727,Point_of_Interest_Analysis_6,9,00404510,((NODE 004052e0)),-2.654142410450926
003,193,1652466888.533727,Point_of_Interest_Analysis_6,9,00404510,((NODE 0040463c)),-1.6820587024816518
003,194,1652466890.949427,Point_of_Interest_Analysis_6,10,00404510,((NODE 00404510)),0.21620693212562153
003,194,1652466890.949427,Point_of_Interest_Analysis_6,10,00404510,((NODE 00404560)),-1.5875619563569094
003,194,1652466890.949427,Point_of_Interest_Analysis_6,10,00404510,((NODE 004052e0)),-2.660086293249156
003,194,1652466890.949427,Point_of_Interest_Analysis_6,10,00404510,((NODE 0040463c)),-1.693461396543311
003,195,1652466907.340955,Point_of_Interest_Analysis_6,11,0040463c,((NODE 00404510)),-0.5556936345026615
003,195,1652466907.340955,Point_of_Interest_Analysis_6,11,0040463c,((NODE 00404560)),-1.624289052591522
003,195,1652466907.340955,Point_of_Interest_Analysis_6,11,0040463c,((NODE 004052e0)),-2.698652857397343
003,195,1652466907.340955,Point_of_Interest_Analysis_6,11,0040463c,((NODE 0040463c)),-0.8713427983470403
003,196,1652467091.080297,Ghidra_User_Preferences_1,1,00400000,((NODE 00400000)),-2.606759066774768
