UserID, TotalActionNum, Time, Task, TaskActionNum, Address, Past_1, Past_2, Past_3, Past_4, Past_5, Future_1, Future_2, Future_3, Past_CogLoad, Future_CogLoad
004, 1, 1661755950.521868, Introduction, 1, 00100000, NIL, NIL, NIL, NIL, NIL, NIL, NIL, NIL, 0.000045399929762484854, 0.0
004, 2, 1661755958.851087, Navigation_1, 1, 00100000, NIL, NIL, NIL, NIL, NIL, NIL, NIL, NIL, 0.00006736947050417993, 0.00013102595210851654
004, 3, 1661755966.367284, Navigation_2, 1, 00100000, NIL, NIL, NIL, NIL, NIL, NIL, NIL, NIL, 0.00005281412788389186, 0.00030518733748607604
004, 4, 1661806237.782082, Navigation_2, 2, 00100000, NIL, NIL, NIL, NIL, NIL, NIL, NIL, NIL, 0.002545066618641545, 0.030540111823654865
004, 5, 1661806238.853841, Navigation_2, 3, 00100019, 00100019, 00100000, NIL, NIL, NIL, NIL, NIL, NIL, 0.002592094380179715, 0.020407864507486394
004, 6, 1661806309.664717, Navigation_2, 4, 00100000, 00100000, 00100019, NIL, NIL, NIL, 00100000, 00100019, NIL, 0.0007171225071741678, 0.02112834983832134
004, 7, 1661806434.880299, Introduction, 1, 00100000, 00100000, 00100019, NIL, NIL, NIL, 00100000, 00100019, NIL, 0.0008915861252606639, 0.022144283311653593
004, 8, 1661806471.421891, Navigation_1, 1, 0010cd90, 0010cd90, 00100000, 00100019, NIL, NIL, 00100000, 00100019, NIL, 0.001248644222765451, 0.022602080299146607
004, 9, 1661806498.817912, Navigation_1, 2, 00100000, 00100000, 0010cd90, 00100019, NIL, NIL, 00100000, 0010cd90, 00100019, 0.0012286697360813685, 0.023055019839859664
004, 10, 1661806529.738537, Navigation_2, 1, 0010cd90, 0010cd90, 00100000, 00100019, NIL, NIL, 00100000, 0010cd90, 00100019, 0.0011016626829603417, 0.02362997868249713
004, 11, 1661806541.113744, Navigation_2, 2, 00100000, 00100000, 0010cd90, 00100019, NIL, NIL, 0010cd90, 00100000, 00100019, 0.0010531971244313418, 0.023931371202337626
004, 12, 1661806594.708192, Navigation_3, 1, 0010cd90, 00100000, 0010cd90, 00100019, NIL, NIL, 00100000, 0010cd90, 00100019, 0.0011324890081842013, 0.024481382900051037
004, 13, 1661806608.358803, Navigation_3, 2, 00100000, 00100000, 0010cd90, 00100019, NIL, NIL, 0010cd90, 00100000, 00100019, 0.0011047981101063417, 0.024354567853868626
004, 14, 1661806711.956495, String_Search_1, 1, 00100000, 00100000, 0010cd90, 00100019, NIL, NIL, 00100000, 0010cd90, 00100019, 0.0013125270310053911, 0.025175439201673533
004, 15, 1661806767.404286, String_Search_2, 1, 0014069b, 00100000, 0010cd90, 0014069b, 00100019, NIL, 00100000, 0010cd90, 00100019, 0.0017493752972455444, 0.02591953465476615
004, 16, 1661806784.677987, String_Search_2, 2, 00100000, 00100000, 0010cd90, 0014069b, 00100019, NIL, 00100000, 0014069b, 0010cd90, 0.0017797565443789553, 0.02627637945407952
004, 17, 1661806823.993987, Cross_Reference_1, 1, 00100027, 00100000, 0010cd90, 00100027, 0014069b, 00100019, 00100000, 0014069b, 0010cd90, 0.0022328066854857545, 0.0270676552260628
004, 18, 1661806833.922393, Cross_Reference_1, 2, 00100040, 00100000, 00100040, 0010cd90, 00100027, 0014069b, 00100000, 00100027, 0010cd90, 0.002447227812785192, 0.02735787774411614
004, 19, 1661806860.098737, Cross_Reference_1, 3, 0014069b, 00100000, 0014069b, 00100040, 0010cd90, 00100027, 00100000, 00100040, 0010cd90, 0.002356650937916854, 0.028077808843717897
004, 20, 1661806862.366832, Cross_Reference_1, 4, 0014069f, 0014069f, 00100000, 0014069b, 00100040, 0010cd90, 0014069b, 00100000, 00100027, 0.0024480809924161276, 0.028193880857485663
004, 21, 1661806866.435811, Cross_Reference_1, 5, 0014069b, 0014069b, 00100000, 0014069f, 0010cd90, 00100040, 0014069f, 00100000, 0014069b, 0.002416814988224309, 0.02841486880691109
004, 22, 1661806871.356231, Cross_Reference_1, 6, 0014069d, 0014069b, 0014069d, 00100000, 0014069f, 0010cd90, 0014069b, 00100000, 00100027, 0.002610333182898004, 0.028695998543872905
004, 23, 1661806871.833685, Cross_Reference_1, 7, 0014069c, 0014069c, 0014069b, 0014069d, 00100000, 0014069f, 0014069d, 0014069b, 00100000, 0.0026544798538184243, 0.02874823710573928
004, 24, 1661806884.570160, Cross_Reference_1, 8, 001406a0, 0014069b, 00100000, 001406a0, 0014069c, 0014069d, 0014069b, 00100000, 0014069c, 0.0032212806656692684, 0.029514904566397576
004, 25, 1661806885.409751, Cross_Reference_1, 9, 0014069b, 0014069b, 00100000, 001406a0, 0014069c, 0014069d, 001406a0, 0014069d, 00100000, 0.003169643594743789, 0.029594435999295145
004, 26, 1661806885.441056, Cross_Reference_1, 10, 0014069b, 0014069b, 00100000, 001406a0, 0014069c, 0014069d, 0014069b, 001406a0, 0014069c, 0.003146923127921733, 0.029604639532832967
004, 27, 1661806886.748882, Cross_Reference_1, 11, 001191be, 0014069b, 001191be, 00100000, 001406a0, 0014069c, 0014069b, 0014069c, 001406a0, 0.0032524679971770486, 0.029783571479254534
004, 28, 1661806907.006949, Cross_Reference_1, 12, 00100000, 0014069b, 00100000, 001191be, 001406a0, 0014069c, 0014069b, 00100000, 0010cd90, 0.0038815523025138125, 0.031230574985942276
004, 29, 1661806918.893103, Cross_Reference_2, 1, 0014069b, 0014069b, 00100000, 001191be, 001406a0, 0010cd90, 00100000, 0014069b, 001191be, 0.004157170981260437, 0.03198712923950642
004, 30, 1661806920.864682, Cross_Reference_2, 2, 0014069b, 0014069b, 00100000, 001191be, 0010cd90, 001406a0, 0014069b, 00100000, 001191be, 0.004181302780571426, 0.03215602091144842
004, 31, 1661806921.513071, Cross_Reference_2, 3, 0014069b, 0014069b, 00100000, 001191be, 0010cd90, 001406a0, 0014069b, 00100000, 001191be, 0.004184127861531034, 0.032236346204360854
004, 32, 1661806921.855444, Cross_Reference_2, 4, 001191be, 0014069b, 001191be, 00100000, 0010cd90, 001406a0, 0014069b, 00100000, 001191be, 0.003943784300821754, 0.03229406325918625
004, 33, 1661806940.428408, Cross_Reference_2, 5, 0014069b, 0014069b, 00100000, 001191be, 0010cd90, 001406a0, 0014069b, 001191be, 00100000, 0.0043759184543156445, 0.03343191127233104
004, 34, 1661806947.459184, Cross_Reference_2, 6, 0014069b, 0014069b, 00100000, 001191be, 0010cd90, 001406a0, 0014069b, 001191be, 00100000, 0.004498026406106384, 0.033951759882637385
004, 35, 1661806948.093491, Cross_Reference_2, 7, 0014069b, 0014069b, 00100000, 001191be, 0010cd90, 001406a0, 0014069b, 001191be, 00100000, 0.004497209524107955, 0.03402788541261641
004, 36, 1661806948.915662, Cross_Reference_2, 8, 0014069b, 0014069b, 00100000, 001191be, 0010cd90, 001406a0, 0014069b, 001191be, 00100000, 0.0045086326629117995, 0.03389513666302189
004, 37, 1661806950.155185, Cross_Reference_2, 9, 0014069b, 0014069b, 00100000, 001191be, 0010cd90, 001406a0, 0014069b, 001191be, 00100000, 0.0045292986299404845, 0.03397595059661591
004, 38, 1661806950.279519, Cross_Reference_2, 10, 001191be, 0014069b, 001191be, 00100000, 0010cd90, 001406a0, 0014069b, 00100000, 001191be, 0.004399982235438116, 0.03396915399211839
004, 39, 1661806952.304321, Cross_Reference_2, 11, 001191be, 0014069b, 001191be, 00100000, 0010cd90, 001406a0, 0014069b, 001191be, 00100000, 0.004446120744986606, 0.03401572426691766
004, 40, 1661806952.693622, Cross_Reference_2, 12, 0014069b, 0014069b, 001191be, 00100000, 0010cd90, 001406a0, 0014069b, 001191be, 00100000, 0.004448751988928938, 0.034072918471900665
004, 41, 1661806954.416374, Cross_Reference_2, 13, 0014069b, 0014069b, 001191be, 00100000, 0010cd90, 001406a0, 0014069b, 001191be, 00100000, 0.004482466120235554, 0.03429113171695075
004, 42, 1661806967.565779, Cross_Reference_2, 14, 0014069b, 0014069b, 001191be, 00100000, 0010cd90, 001406a0, 0014069b, 001191be, 00100000, 0.004704627347336489, 0.035191301104209455
004, 43, 1661806968.332622, Cross_Reference_2, 15, 001191be, 0014069b, 001191be, 00100000, 0010cd90, 001406a0, 0014069b, 001191be, 00100000, 0.004678453647221492, 0.035208716957112106
004, 44, 1661806974.257268, Cross_Reference_2, 16, 001191a0, 0014069b, 001191be, 00100000, 001191a0, 0010cd90, 0014069b, 001191be, 00100000, 0.004892372425770096, 0.03553515215784202
004, 45, 1661806993.050023, Cross_Reference_2, 17, 0011022e, 0014069b, 001191be, 00100000, 0011022e, 001191a0, 0014069b, 001191be, 00100000, 0.0054769152867210616, 0.03677453109605572
004, 46, 1661807019.430202, Step_into_function_1, 1, 00110250, 0014069b, 001191be, 00100000, 00110250, 0011022e, 0014069b, 001191be, 00100000, 0.006262505105877931, 0.03838616762629043
004, 47, 1661807040.888774, Step_into_function_1, 2, 0011022e, 0014069b, 001191be, 00100000, 0011022e, 00110250, 0014069b, 00110250, 001191be, 0.00649455531089253, 0.03967621725112681
004, 48, 1661807087.922027, Step_into_function_1, 3, 001191a0, 0014069b, 001191be, 00100000, 001191a0, 0011022e, 0014069b, 0011022e, 00100000, 0.007027402697188712, 0.04223585479889803
004, 49, 1661807100.996724, Function_xref_1, 1, 001191a0, 0014069b, 001191a0, 001191be, 00100000, 0011022e, 0014069b, 00100000, 001191be, 0.007109780854340473, 0.04300551605070454
004, 50, 1661807186.333386, Function_xref_1, 2, 001191a0, 0014069b, 001191a0, 00100000, 001191be, 0011022e, 0014069b, 001191a0, 00100000, 0.008201690451554618, 0.047204833464389084
004, 51, 1661807188.595765, Function_xref_1, 3, 001191a0, 001191a0, 0014069b, 00100000, 001191be, 0011022e, 001191a0, 0014069b, 00100000, 0.008145688179160861, 0.047368349616779395
004, 52, 1661807193.976568, Function_xref_1, 4, 001191a0, 001191a0, 0014069b, 00100000, 001191be, 0011022e, 001191a0, 0014069b, 00100000, 0.008201862019719612, 0.04758197847526623
004, 53, 1661807194.273951, Function_xref_1, 5, 0010755d, 0010755d, 001191a0, 0014069b, 00100000, 001191be, 001191a0, 0014069b, 00100000, 0.008230630332490512, 0.04755446200571528
004, 54, 1661807242.255222, Function_xref_1, 6, 00107540, 0014069b, 001191a0, 00100000, 001191be, 00107540, 0014069b, 001191a0, 00100000, 0.009396115055205082, 0.049863902919098806
004, 55, 1661807252.225705, Function_xref_1, 7, 00110208, 0014069b, 001191a0, 00100000, 00110208, 001191be, 0014069b, 001191a0, 00100000, 0.009709829002032938, 0.05042440363056617
004, 56, 1661807280.430338, Annotation_1, 1, 00110203, 0014069b, 001191a0, 00100000, 001191be, 00110203, 0014069b, 001191a0, 00100000, 0.010536506043740658, 0.05193634414557776
004, 57, 1661807282.803687, Annotation_1, 2, 00110209, 0014069b, 00110209, 001191a0, 00100000, 001191be, 0014069b, 00110203, 001191a0, 0.010660938166429901, 0.0521175030413687
004, 58, 1661807293.358065, Annotation_1, 3, 00110211, 0014069b, 001191a0, 00100000, 00110211, 00110209, 0014069b, 001191a0, 00100000, 0.011134507193300641, 0.052841544464589114
004, 59, 1661807301.356558, Annotation_1, 4, 00110211, 0014069b, 00110211, 001191a0, 00100000, 001191be, 0014069b, 001191a0, 00100000, 0.01127691926854419, 0.05341827377682339
004, 60, 1661807301.616920, Annotation_1, 5, 00110250, 00110250, 0014069b, 00110211, 001191a0, 00100000, 00110211, 0014069b, 001191a0, 0.010509552244374422, 0.053457618489468554
004, 61, 1661807314.197554, Annotation_1, 6, 00110250, 0014069b, 00110250, 001191a0, 00110211, 00100000, 0014069b, 001191a0, 00110211, 0.010887530329984735, 0.054491737943475345
004, 62, 1661807319.489880, Annotation_1, 7, 00110208, 0014069b, 00110208, 00110250, 001191a0, 00110211, 0014069b, 00110250, 001191a0, 0.010711459658396351, 0.05494740790562935
004, 63, 1661807324.127386, Annotation_1, 8, 001101fb, 0014069b, 00110250, 001101fb, 00110208, 001191a0, 0014069b, 00110250, 00110208, 0.010938424378187313, 0.05537805273948553
004, 64, 1661807326.631740, Annotation_1, 9, 001101f3, 0014069b, 001101f3, 00110250, 001191a0, 00110208, 0014069b, 001101fb, 00110250, 0.011099073135699111, 0.05564525378786529
004, 65, 1661807329.492345, Annotation_1, 10, 00110210, 0014069b, 00110210, 00110250, 001101f3, 001191a0, 0014069b, 001101f3, 00110250, 0.011303364524841581, 0.05596881338126618
004, 66, 1661807330.904322, Annotation_1, 11, 00110211, 00110211, 0014069b, 00110210, 00110250, 001191a0, 00110210, 00110250, 0014069b, 0.011269741350270125, 0.05615532962343424
004, 67, 1661807354.047801, Annotation_1, 12, 00110211, 0014069b, 00110211, 001191a0, 00110250, 00100000, 00110250, 0014069b, 00110211, 0.012169752257495696, 0.05834315153141665
004, 68, 1661807360.518539, Annotation_1, 13, 001191ae, 0014069b, 00110211, 001191ae, 001191a0, 00110250, 00110211, 00110250, 0014069b, 0.012492875242242244, 0.058959529035868354
004, 69, 1661807372.866467, Relabel_1, 1, 001191ae, 0014069b, 00110211, 001191ae, 001191a0, 00100000, 0014069b, 00110211, 001191a0, 0.012834840024077645, 0.06010228035754957
004, 70, 1661807383.035174, Relabel_1, 2, 001191ae, 0014069b, 001191ae, 00110211, 001191a0, 00100000, 001191ae, 0014069b, 00110211, 0.013094957716319204, 0.06105266602207139
004, 71, 1661807389.959795, Relabel_1, 3, 00117daf, 0014069b, 001191ae, 00110211, 00117daf, 001191a0, 001191ae, 0014069b, 00110211, 0.013412624713341354, 0.06173520818477736
004, 72, 1661807403.747329, Undefined_Function_1, 1, 00117daf, 0014069b, 00117daf, 001191ae, 00110211, 001191a0, 0014069b, 001191ae, 00110211, 0.013758930280114504, 0.06304167367318174
004, 73, 1661807413.306649, Undefined_Function_1, 2, 00117daf, 0014069b, 00117daf, 001191ae, 00110211, 001191a0, 00117daf, 0014069b, 001191ae, 0.01397571263063514, 0.06396542634869391
004, 74, 1661807413.766040, Undefined_Function_1, 3, 00117daf, 00117daf, 0014069b, 001191ae, 00110211, 001191a0, 00117daf, 0014069b, 001191ae, 0.013944413146325519, 0.06403604033300288
004, 75, 1661807426.768255, Undefined_Function_1, 4, 00117daf, 00117daf, 0014069b, 001191ae, 00110211, 001191a0, 00117daf, 0014069b, 001191ae, 0.014286502617961166, 0.06516195060147394
004, 76, 1661807442.281054, Undefined_Function_1, 5, 00117daf, 00117daf, 0014069b, 00110211, 001191ae, 001191a0, 00117daf, 0014069b, 00110211, 0.014653341466062791, 0.06634189798594922
004, 77, 1661807454.020345, Relabel_2, 1, 00117daf, 00117daf, 0014069b, 00110211, 001191a0, 001191ae, 00117daf, 0014069b, 00110211, 0.014915683451647286, 0.06718119949997543
004, 78, 1661807458.723606, Relabel_2, 2, 00117daf, 00117daf, 0014069b, 00110211, 001191a0, 001191ae, 00117daf, 0014069b, 00110211, 0.015011293048523316, 0.06749614743287596
004, 79, 1661807490.569800, Relabel_2, 3, 00117daf, 00117daf, 0014069b, 001191a0, 00110211, 00100000, 00117daf, 0014069b, 001191a0, 0.015702801754909346, 0.06966086967417973
004, 80, 1661807500.501122, Relabel_2, 4, 00117daf, 00117daf, 0014069b, 001191a0, 00110211, 00100000, 00117daf, 0014069b, 001191a0, 0.015899724366987097, 0.07028652355621161
004, 81, 1661807511.309341, Relabel_2, 5, 00100000, 00117daf, 0014069b, 00100000, 001191a0, 00110211, 00117daf, 0014069b, 00100000, 0.016037544076664672, 0.07096086936781054
004, 82, 1661807554.276233, Entry_Point_Function_1, 1, 00107540, 00117daf, 0014069b, 00100000, 001191a0, 00110211, 00117daf, 00100000, 0014069b, 0.016264146068372766, 0.07384886778416888
004, 83, 1661807554.407374, Entry_Point_Function_1, 2, 00107540, 00107540, 00117daf, 0014069b, 00100000, 001191a0, 00107540, 00117daf, 0014069b, 0.016060618650364476, 0.07387337649004534
004, 84, 1661807554.585047, Entry_Point_Function_1, 3, 00107540, 00107540, 00117daf, 0014069b, 00100000, 001191a0, 00107540, 00117daf, 0014069b, 0.016058868500471543, 0.07391222842373742
004, 85, 1661807572.541719, Entry_Point_Function_1, 4, 00107540, 00107540, 00117daf, 0014069b, 00100000, 001191a0, 00107540, 00117daf, 0014069b, 0.01641623579860473, 0.07553216146696658
004, 86, 1661807581.307012, Entry_Point_Function_2, 1, 00107564, 00117daf, 00107540, 0014069b, 00100000, 00107564, 00107540, 00117daf, 0014069b, 0.01671098257604563, 0.07602595789343781
004, 87, 1661807583.096583, Entry_Point_Function_2, 2, 001191a0, 001191a0, 00117daf, 00107540, 0014069b, 00100000, 00107540, 00117daf, 00107564, 0.016635245825941395, 0.07621285086666021
004, 88, 1661807608.823559, Entry_Point_Function_2, 3, 001191a0, 00117daf, 001191a0, 0014069b, 00107540, 00100000, 001191a0, 00117daf, 00107540, 0.01723209905220104, 0.07833332340676875
004, 89, 1661807618.255720, Relabel_3, 1, 001191a0, 001191a0, 00117daf, 0014069b, 00107540, 00100000, 001191a0, 00117daf, 00107540, 0.017403904610979872, 0.07914641889218854
004, 90, 1661807630.138508, Relabel_3, 2, 001191a0, 001191a0, 00117daf, 0014069b, 00107540, 00100000, 001191a0, 00117daf, 00107540, 0.017631707959392822, 0.07982221817852304
004, 91, 1661807703.816343, Relabel_3, 3, 00110210, 001191a0, 00117daf, 0014069b, 00107540, 00100000, 001191a0, 00117daf, 0014069b, 0.01837769819673982, 0.0846731133334017
004, 92, 1661807795.241478, Label_Assignment_1, 1, 00110210, 0014069b, 00117daf, 001191a0, 00100000, 00107540, 0014069b, 00117daf, 001191a0, 0.019693610209342877, 0.09038305686354976
004, 93, 1661807807.806240, Label_Assignment_1, 2, 00110210, 0014069b, 00117daf, 001191a0, 00110210, 00100000, 00110210, 0014069b, 00117daf, 0.019765827036122133, 0.09125419735996311
004, 94, 1661807814.061808, Label_Assignment_1, 3, 00110211, 00110211, 0014069b, 00117daf, 001191a0, 00110210, 00110210, 00110211, 0014069b, 0.019689818621615097, 0.09175344079895424
004, 95, 1661807820.998064, Label_Assignment_1, 4, 00110211, 00110211, 0014069b, 00117daf, 001191a0, 00110210, 00110211, 00110210, 0014069b, 0.01977158312435981, 0.09234261753741047
004, 96, 1661807833.247154, Label_Assignment_1, 5, 00110211, 00110211, 0014069b, 00117daf, 001191a0, 00110210, 00110211, 0014069b, 001191ae, 0.019949494915617275, 0.09235106340093839
004, 97, 1661807843.992817, Label_Assignment_1, 6, 00110211, 00110211, 0014069b, 00117daf, 001191a0, 00110210, 00110211, 0014069b, 001191ae, 0.02009744900257615, 0.09324425338002514
004, 98, 1661807846.228342, Label_Assignment_1, 7, 00110211, 00110211, 0014069b, 00117daf, 001191a0, 00110210, 00110211, 0014069b, 001191ae, 0.020112995404836888, 0.09329315120728672
004, 99, 1661807862.273527, Label_Assignment_1, 8, 00110211, 00110211, 0014069b, 00117daf, 001191a0, 00110210, 00110211, 0014069b, 001191ae, 0.020347726617535925, 0.09435327598823831
004, 100, 1661807913.241392, Label_Assignment_1, 9, 00129e70, 00110211, 0014069b, 00117daf, 001191a0, 00100000, 00110211, 0014069b, 00117daf, 0.02138518395294892, 0.09743767303873228
004, 101, 1661808074.412353, Label_Assignment_2, 1, 00129e70, 00110211, 0014069b, 00117daf, 001191a0, 00100000, 00110211, 0014069b, 00117daf, 0.023416404448697664, 0.10659811629204756
004, 102, 1661808074.913289, Label_Assignment_2, 2, 00129e70, 00129e70, 00110211, 0014069b, 00117daf, 001191a0, 00129e70, 00110211, 0014069b, 0.02314356640121352, 0.10665593445971727
004, 103, 1661808086.266643, Label_Assignment_2, 3, 00129e70, 00129e70, 00110211, 0014069b, 00117daf, 001191a0, 00129e70, 00110211, 0014069b, 0.02331237098676021, 0.1075123925225016
004, 104, 1661808091.295236, Label_Assignment_2, 4, 00129e70, 00129e70, 00110211, 0014069b, 00117daf, 001191a0, 00129e70, 00110211, 0014069b, 0.023352136411045204, 0.10771004304863803
004, 105, 1661808091.791358, Label_Assignment_2, 5, 00129e70, 00129e70, 00110211, 0014069b, 00117daf, 001191a0, 00129e70, 00110211, 0014069b, 0.023334275242574604, 0.10769408121819525
004, 106, 1661808099.530825, Label_Assignment_2, 6, 00129e70, 00129e70, 00110211, 0014069b, 00117daf, 001191a0, 00129e70, 00110211, 0014069b, 0.023437402607726913, 0.10813911451677563
004, 107, 1661808104.902062, Label_Assignment_2, 7, 00129e70, 00129e70, 00110211, 0014069b, 00117daf, 001191a0, 00129e70, 00110211, 0014069b, 0.023497488558975356, 0.10842590219334829
004, 108, 1661808105.593159, Label_Assignment_2, 8, 00129e70, 00129e70, 00110211, 0014069b, 00117daf, 001191a0, 00129e70, 00110211, 0014069b, 0.023494928448149426, 0.10844851581466637
004, 109, 1661808108.842166, Label_Assignment_2, 9, 00129e70, 00129e70, 00110211, 0014069b, 00117daf, 001191a0, 00129e70, 00110211, 0014069b, 0.023535081555672594, 0.10862610823816823
004, 110, 1661808117.707670, Label_Assignment_2, 10, 00129e70, 00129e70, 00110211, 0014069b, 00117daf, 001191a0, 00129e70, 00110211, 0014069b, 0.023642424391502957, 0.10910359473628281
004, 111, 1661808119.914069, Label_Assignment_2, 11, 00129e80, 00129e70, 00129e80, 00110211, 0014069b, 00117daf, 00129e70, 00110211, 0014069b, 0.023736927970204328, 0.10921477887607843
004, 112, 1661808122.348114, Label_Assignment_2, 12, 00129e80, 00129e70, 00129e80, 00110211, 0014069b, 00117daf, 00129e70, 00129e80, 00110211, 0.02374025262676054, 0.10941684539965481
004, 113, 1661808122.635546, Label_Assignment_2, 13, 003513e8, 00129e70, 003513e8, 00129e80, 00110211, 0014069b, 00129e80, 00129e70, 00110211, 0.02376997446093414, 0.1094606464163268
004, 114, 1661808130.108164, Label_Assignment_2, 14, 00129e70, 00129e70, 00129e80, 00110211, 0014069b, 00117daf, 00129e70, 00129e80, 00110211, 0.02399054004537223, 0.11015355029407368
004, 115, 1661808130.320768, Label_Assignment_2, 15, 00129e70, 00129e70, 00129e80, 00110211, 0014069b, 00117daf, 00129e70, 00129e80, 00110211, 0.023983971195750867, 0.11019066697526823
004, 116, 1661808137.158126, Label_Assignment_2, 16, 00129e70, 00129e70, 00110211, 00129e80, 0014069b, 00117daf, 00129e70, 00129e80, 00110211, 0.024137106007515934, 0.11090329409486596
004, 117, 1661808190.053321, Label_Assignment_2, 17, 00129e70, 00129e70, 00110211, 0014069b, 00117daf, 001191a0, 00129e70, 00129e80, 00110211, 0.025044835782477258, 0.11463611047166986
004, 118, 1661808200.929711, Label_Assignment_2, 18, 00129e70, 00129e70, 0014069b, 00110211, 00117daf, 001191a0, 00129e70, 00129e80, 00110211, 0.025206245780601422, 0.11530969728090208
004, 119, 1661808219.969319, Label_Assignment_2, 19, 00110250, 00129e70, 0014069b, 00110211, 00117daf, 001191a0, 00129e70, 00129e80, 0014069b, 0.025150971059308632, 0.11646753928702723
004, 120, 1661808250.634945, Function_Graph_Interaction_1, 1, 00110250, 00129e70, 0014069b, 00110211, 00110250, 00117daf, 00129e70, 0014069b, 00110211, 0.025552063985077485, 0.11852121338197293
004, 121, 1661808255.185876, Function_Graph_Interaction_1, 2, 00110253, 00129e70, 00110253, 0014069b, 00110211, 00110250, 00129e70, 00110250, 0014069b, 0.025716548696434666, 0.11889711832728539
004, 122, 1661808255.516524, Function_Graph_Interaction_1, 3, 00110254, 00110254, 00129e70, 00110253, 0014069b, 00110211, 00110253, 00129e70, 00110250, 0.025750994529532754, 0.11894685139736068
004, 123, 1661808295.945870, Function_Graph_Interaction_1, 4, 00110276, 00129e70, 0014069b, 00110211, 00117daf, 001191a0, 00129e70, 0014069b, 00110211, 0.027083104195739876, 0.12208918110939583
004, 124, 1661808323.977220, Function_Graph_Interaction_1, 5, 00110250, 00129e70, 00110250, 0014069b, 00110211, 00117daf, 00129e70, 00110250, 0014069b, 0.0276532663324614, 0.12416755931096486
004, 125, 1661808334.710020, Function_Graph_1, 1, 00110250, 00129e70, 00110250, 0014069b, 00110211, 00117daf, 00129e70, 00110250, 00110253, 0.027838756617351346, 0.12503580677765663
004, 126, 1661808393.183528, Function_Graph_1, 2, 00110269, 00129e70, 00110250, 0014069b, 00110211, 00117daf, 00129e70, 00110250, 0014069b, 0.029332268505858867, 0.12929167464219915
004, 127, 1661808537.885600, Function_Graph_1, 3, 00110278, 00129e70, 0014069b, 00110211, 00110250, 00117daf, 00129e70, 0014069b, 00110211, 0.03259152371598476, 0.13857636755677544
004, 128, 1661808537.974901, Function_Graph_1, 4, 00110278, 00110278, 00129e70, 0014069b, 00110211, 00110250, 00110278, 00129e70, 0014069b, 0.03206015803112401, 0.13859512986318828
004, 129, 1661808546.447796, Function_Graph_1, 5, 00110278, 00110278, 00129e70, 0014069b, 00110211, 00110250, 00110278, 00129e70, 0014069b, 0.03224995322929221, 0.13933769320736175
004, 130, 1661808593.796614, Function_Graph_1, 6, 001102a5, 00129e70, 0014069b, 00110278, 00110211, 00110250, 00129e70, 00110278, 0014069b, 0.0334201998134236, 0.1427477191420172
004, 131, 1661808626.740642, Function_Graph_1, 7, 00110269, 00129e70, 0014069b, 00110211, 00110250, 00117daf, 00129e70, 00110278, 0014069b, 0.03348954368200595, 0.14509297545369224
004, 132, 1661808781.810702, Function_Graph_1, 8, 00110269, 00129e70, 0014069b, 00110211, 00117daf, 001191a0, 00129e70, 00110278, 0014069b, 0.03603874313005785, 0.15493467919186515
004, 133, 1661808788.504981, Function_Graph_1, 9, 00110278, 00129e70, 00110278, 0014069b, 00110211, 00117daf, 00110278, 00129e70, 00110269, 0.035967292796588696, 0.15543750683584676
004, 134, 1661808792.232811, Function_Graph_1, 10, 001102a5, 00129e70, 001102a5, 00110278, 0014069b, 00110211, 00110269, 00110278, 00129e70, 0.035403018847664176, 0.15576802718519261
004, 135, 1661808795.890926, Function_Graph_1, 11, 00110276, 00129e70, 00110276, 00110278, 001102a5, 0014069b, 00110269, 00129e70, 001102a5, 0.03451454063639671, 0.156123575502016
004, 136, 1661808800.341974, Function_Graph_1, 12, 001102a5, 001102a5, 00129e70, 00110278, 00110276, 0014069b, 00110276, 00129e70, 00110269, 0.034564531344271725, 0.15657349933485928
004, 137, 1661808802.452061, Function_Graph_1, 13, 001102a5, 001102a5, 00129e70, 00110278, 0014069b, 00110276, 001102a5, 00110276, 00110269, 0.03458466364085242, 0.1568200166935114
004, 138, 1661808804.098021, Function_Graph_1, 14, 001102a5, 001102a5, 00129e70, 00110278, 0014069b, 00110276, 001102a5, 00110276, 00110269, 0.034607686120205844, 0.15703662266174395
004, 139, 1661808805.574356, Function_Graph_1, 15, 00110276, 001102a5, 00110276, 00129e70, 00110278, 0014069b, 001102a5, 00110269, 00129e70, 0.03453676991805577, 0.15724933986139752
004, 140, 1661808806.526799, Function_Graph_1, 16, 00110276, 00110276, 001102a5, 00129e70, 00110278, 0014069b, 001102a5, 00110276, 00129e70, 0.03453567601477202, 0.157405875047546
004, 141, 1661808810.168303, Function_Graph_1, 17, 00110276, 00110276, 001102a5, 00129e70, 0014069b, 00110278, 001102a5, 00110276, 00129e70, 0.03459750598397908, 0.15793536961992283
004, 142, 1661808813.374086, Function_Graph_1, 18, 001102db, 00110276, 001102a5, 00129e70, 001102db, 0014069b, 00110276, 001102a5, 00129e70, 0.03473486672240094, 0.1583944284984339
004, 143, 1661808815.465035, Function_Graph_1, 19, 001102c1, 00110276, 001102a5, 001102c1, 00129e70, 001102db, 00110276, 001102a5, 001102db, 0.03485878162355159, 0.1587140002945831
004, 144, 1661808816.060000, Function_Graph_1, 20, 001103b4, 001103b4, 00110276, 001102a5, 001102c1, 00129e70, 00110276, 001102c1, 001102a5, 0.034918094036929526, 0.15882748690847504
004, 145, 1661808819.915404, Function_Graph_1, 21, 00110278, 00110276, 001102a5, 00110278, 00129e70, 001103b4, 001102a5, 00110276, 00129e70, 0.03503086044729292, 0.1594515331397108
004, 146, 1661808822.754099, Function_Graph_1, 22, 001102ae, 00110276, 001102a5, 00110278, 001102ae, 00129e70, 00110276, 00110278, 001102a5, 0.03522835918638708, 0.15990835531888437
004, 147, 1661808939.707407, Function_Graph_1, 23, 00110269, 00129e70, 001102a5, 00110276, 0014069b, 00110278, 00129e70, 00110278, 001102a5, 0.038282905223261915, 0.17148829327338713
004, 148, 1661809121.813012, Function_Graph_1, 24, 00110250, 00129e70, 0014069b, 00110250, 001102a5, 00110211, 00129e70, 00110278, 00110250, 0.0416129206317835, 0.18546738463125328
004, 149, 1661809158.421269, Function_Graph_2, 1, 0011042e, 00129e70, 0014069b, 00110250, 00110211, 001102a5, 00129e70, 00110250, 0014069b, 0.04249966357221344, 0.18823710756796316
004, 150, 1661809172.957078, Function_Graph_2, 2, 00110250, 00110250, 00129e70, 0014069b, 00110211, 001102a5, 0011042e, 00110250, 00129e70, 0.04270309956810836, 0.18943282190537852
004, 151, 1661809177.724120, Function_Graph_2, 3, 00110250, 00110250, 00129e70, 0014069b, 00110211, 001102a5, 00110250, 0011042e, 00129e70, 0.042756604327112, 0.18988999555613406
004, 152, 1661809261.732957, Function_Graph_2, 4, 00110269, 00129e70, 00110250, 0014069b, 00110269, 00110211, 00110250, 00110278, 00129e70, 0.044207923346945496, 0.19652526599302844
004, 153, 1661809273.207727, Function_Graph_2, 5, 00110269, 00110269, 00129e70, 00110250, 0014069b, 00110211, 00110278, 00110250, 00110269, 0.04431712510093467, 0.19613861703814878
004, 154, 1661809281.547753, Function_Graph_2, 6, 00110269, 00110269, 00129e70, 00110250, 0014069b, 00110211, 00110269, 00110278, 00110250, 0.04443198995441183, 0.1968925993421403
004, 155, 1661809296.258250, Function_Graph_2, 7, 00110269, 00110269, 00129e70, 00110250, 0014069b, 00110211, 00110269, 00110278, 00110250, 0.04467557311401696, 0.1982215284919428
004, 156, 1661809354.642231, Function_Graph_2, 8, 00110269, 00110269, 00129e70, 00110250, 0014069b, 00110211, 00110269, 00110278, 00110250, 0.04564435762131035, 0.20246356204043317
004, 157, 1661809398.567352, Function_Graph_2, 9, 00141950, 00110269, 00129e70, 00110250, 0014069b, 00110211, 00110269, 00129e70, 00110250, 0.046650753528629865, 0.2054185298690047
004, 158, 1661809417.506600, Function_Graph_2, 10, 001430ac, 00110269, 00129e70, 00110250, 0014069b, 00110211, 00110269, 00129e70, 00110250, 0.04720503540146446, 0.2068966781597486
004, 159, 1661809429.680950, Function_Graph_2, 11, 00141950, 00110269, 00129e70, 00141950, 00110250, 0014069b, 001430ac, 00110269, 00129e70, 0.04720313172767727, 0.20792357082055138
004, 160, 1661809432.742597, Function_Graph_2, 12, 00110269, 00110269, 00129e70, 00141950, 00110250, 0014069b, 00141950, 00110269, 00110250, 0.04722773106663255, 0.20823722031812672
004, 161, 1661809432.999854, Function_Graph_2, 13, 00351060, 00351060, 00110269, 00129e70, 00141950, 00110250, 00110269, 00141950, 001430ac, 0.047257343866564, 0.2082830611154866
004, 162, 1661809444.961691, Function_Graph_2, 14, 00110250, 00110269, 00110250, 00129e70, 0014069b, 00141950, 00110269, 00110250, 00129e70, 0.04760418485195778, 0.2095621750366318
004, 163, 1661809450.054243, Function_Graph_2, 15, 00110269, 00110269, 00110250, 00129e70, 0014069b, 00141950, 00110269, 00110250, 00351060, 0.04772316863697658, 0.21012458697610964
004, 164, 1661809474.225504, Function_Graph_2, 16, 00110269, 00110269, 00110250, 00129e70, 0014069b, 00110211, 00110269, 00141950, 00110250, 0.04831592170588944, 0.21251960968609512
004, 165, 1661809477.963382, Function_Graph_2, 17, 0011026a, 00110269, 0011026a, 00110250, 00129e70, 0014069b, 00110269, 00110250, 00141950, 0.048489773068917594, 0.2122789589067287
004, 166, 1661809479.830840, Function_Graph_2, 18, 00110269, 00110269, 00110250, 00129e70, 0011026a, 0014069b, 00110269, 0011026a, 00110250, 0.048531878611830684, 0.2125169622184793
004, 167, 1661809485.990498, Function_Graph_2, 19, 0011026c, 00110269, 00110250, 00129e70, 0011026c, 0014069b, 00110269, 0011026a, 00110250, 0.04883766197497647, 0.21325394094121702
004, 168, 1661809487.604793, Function_Graph_2, 20, 00110270, 00110269, 00110270, 00110250, 00129e70, 0011026c, 00110269, 0011026c, 00110250, 0.04895599682517621, 0.21348033463506205
004, 169, 1661809490.244221, Function_Graph_2, 21, 00110270, 00110269, 00110270, 00110250, 00129e70, 0014069b, 00110269, 00110270, 00110250, 0.04903400169568073, 0.21385860631173842
004, 170, 1661809490.644114, Function_Graph_2, 22, 00110270, 00110270, 00110269, 00110250, 00129e70, 0014069b, 00110270, 00110269, 00110250, 0.04902397950331599, 0.21393705181391368
004, 171, 1661809575.258282, Function_Graph_2, 23, 0011026f, 00110269, 00129e70, 00110250, 00110270, 0014069b, 00110269, 00110270, 00129e70, 0.051840170163610796, 0.22267471054091048
004, 172, 1661809577.165916, Function_Graph_2, 24, 00110270, 00110270, 00110269, 00129e70, 00110250, 0014069b, 0011026f, 00110269, 00110270, 0.05179182829380405, 0.2229058589924074
004, 173, 1661809594.707798, Function_Graph_2, 25, 0011026e, 00110269, 00110270, 00129e70, 00110250, 0014069b, 00110270, 00110269, 0011026f, 0.05247172325453711, 0.22475736391463516
004, 174, 1661809597.430773, Function_Graph_2, 26, 00110270, 00110270, 00110269, 00129e70, 00110250, 0014069b, 0011026e, 00110270, 00110269, 0.05250702112619112, 0.22509286407681534
004, 175, 1661809611.138999, Function_Graph_2, 27, 00110270, 00110270, 00110269, 00129e70, 00110250, 0014069b, 00110270, 0011026f, 00110269, 0.05291004426692185, 0.22664686101809106
004, 176, 1661809763.892270, Point_of_Interest_Triage_1, 1, 00400000, 00110269, 00110270, 00129e70, 00110250, 0014069b, 00110270, 00110269, 00129e70, 0.05726298749924931, 0.24059134035544105
004, 177, 1661809781.912863, Point_of_Interest_Triage_1, 2, 004078f9, 00110269, 00110270, 00129e70, 00110250, 0014069b, 00110269, 00110270, 00129e70, 0.05788817910967903, 0.24224265539572656
004, 178, 1661809805.198371, Point_of_Interest_Triage_1, 3, 004079a2, 00110269, 00129e70, 00110270, 00110250, 0014069b, 00110269, 00129e70, 00110270, 0.05875333099165014, 0.244413448180729
004, 179, 1661809866.755139, Point_of_Interest_Triage_1, 4, 004078f9, 00110269, 00129e70, 00110270, 00110250, 0014069b, 00110269, 00129e70, 004079a2, 0.06025319026095612, 0.249884567562752
004, 180, 1661809911.228518, Point_of_Interest_Triage_1, 5, 004076ad, 00110269, 00129e70, 00110270, 00110250, 0014069b, 00110269, 004078f9, 00129e70, 0.061670508149963915, 0.2538010102746762
004, 181, 1661809940.662212, Point_of_Interest_Triage_1, 6, 004078f5, 00110269, 00129e70, 00110250, 00110270, 0014069b, 00110269, 00129e70, 00110250, 0.06271104020986007, 0.2564507700870331
004, 182, 1661809976.295018, Point_of_Interest_Triage_1, 7, 004078f9, 00110269, 00129e70, 004078f9, 00110250, 0014069b, 00110269, 00129e70, 004076ad, 0.06357801654343334, 0.2596651075739845
004, 183, 1661810010.636247, Point_of_Interest_Analysis_1, 1, 004078f9, 00110269, 004078f9, 00129e70, 00110250, 0014069b, 00110269, 004078f9, 00129e70, 0.0644459443686635, 0.26277659441547485
004, 184, 1661810072.019019, Point_of_Interest_Analysis_1, 2, 0040790d, 00110269, 00129e70, 004078f9, 00110250, 0014069b, 004078f9, 00110269, 00129e70, 0.06637069295506741, 0.2681698712238158
004, 185, 1661810088.220155, Point_of_Interest_Analysis_1, 3, 004076ad, 00110269, 00129e70, 004076ad, 004078f9, 00110250, 00110269, 00129e70, 004078f9, 0.06627980901360947, 0.26967903393985737
004, 186, 1661810150.655260, Point_of_Interest_Analysis_1, 4, 004078d2, 00110269, 00129e70, 0014069b, 00110250, 004078f9, 00110269, 004078f9, 00129e70, 0.06828559083802462, 0.275202293489097
004, 187, 1661810174.745413, Point_of_Interest_Analysis_1, 5, 004078d2, 00110269, 00129e70, 004078d2, 0014069b, 00110250, 00110269, 00129e70, 0014069b, 0.06866590701507735, 0.2773967556972393
004, 188, 1661810217.715886, Point_of_Interest_Analysis_1, 6, 004078f9, 00110269, 004078f9, 00129e70, 0014069b, 00110250, 00110269, 004078f9, 00129e70, 0.0696763330878061, 0.28126119779806596
004, 189, 1661810220.794783, Point_of_Interest_Analysis_1, 7, 004078f9, 004078f9, 00110269, 00129e70, 0014069b, 00110250, 004078f9, 0040790d, 00110269, 0.06967801125977065, 0.2816005414937857
004, 190, 1661810243.176115, Point_of_Interest_Analysis_1, 8, 004078f9, 004078f9, 00110269, 00129e70, 0014069b, 00110250, 004078f9, 0040790d, 00110269, 0.07022789695097424, 0.2838242239166549
004, 191, 1661810363.386098, Point_of_Interest_Analysis_1, 9, 00402444, 004078f9, 00110269, 00129e70, 0014069b, 00110250, 004078f9, 00110269, 00129e70, 0.07350203976804062, 0.29439666901979505
004, 192, 1661810394.688339, Point_of_Interest_Triage_2, 1, 00402444, 004078f9, 00110269, 00129e70, 0014069b, 00402444, 004078f9, 00110269, 00129e70, 0.07386422441543486, 0.29716837140913077
004, 193, 1661810402.202016, Point_of_Interest_Triage_2, 2, 00402484, 004078f9, 00110269, 00402484, 00129e70, 0014069b, 00402444, 004078f9, 00110269, 0.07416607800295148, 0.2979179821107323
004, 194, 1661810404.546953, Point_of_Interest_Triage_2, 3, 00402444, 00402444, 004078f9, 00110269, 00129e70, 00402484, 00402484, 00402444, 004078f9, 0.07409665651003423, 0.2981995352397932
004, 195, 1661810474.848887, Point_of_Interest_Triage_2, 4, 00402444, 00402444, 00110269, 004078f9, 00129e70, 0014069b, 00402484, 00402444, 00110269, 0.07591447436307325, 0.30479348428763553
004, 196, 1661810518.935582, Point_of_Interest_Analysis_2, 1, 00402444, 00402444, 00110269, 004078f9, 00129e70, 0014069b, 00402444, 00402484, 00110269, 0.0769048088763078, 0.3088021367259731
004, 197, 1661810618.441685, Point_of_Interest_Analysis_2, 2, 00402469, 00110269, 00402444, 00129e70, 004078f9, 0014069b, 00402444, 00110269, 00129e70, 0.0795646750867842, 0.31742477494754234
004, 198, 1661810624.374318, Point_of_Interest_Analysis_2, 3, 00402260, 00402260, 00110269, 00402444, 00129e70, 004078f9, 00402469, 00402444, 00110269, 0.07981583376742629, 0.3180177777310019
004, 199, 1661810661.616104, Point_of_Interest_Analysis_2, 4, 00402260, 00110269, 00402260, 00129e70, 00402444, 004078f9, 00110269, 00402444, 00129e70, 0.0807150849680829, 0.32146776145055656
004, 200, 1661810814.690955, Point_of_Interest_Analysis_2, 5, 00402444, 00402444, 00110269, 00129e70, 0014069b, 004078f9, 00402444, 00110269, 00129e70, 0.08419125695519353, 0.3343834444321321
004, 201, 1661810880.091449, Point_of_Interest_Analysis_2, 6, 00402462, 00110269, 00129e70, 00402444, 0014069b, 004078f9, 00402444, 00110269, 00129e70, 0.08596552749591836, 0.33981310762854566
004, 202, 1661810884.594993, Point_of_Interest_Analysis_2, 7, 00402444, 00402444, 00110269, 00129e70, 0014069b, 004078f9, 00402462, 00402444, 00110269, 0.08597670378992425, 0.34026461621082693
004, 203, 1661810899.122955, Point_of_Interest_Analysis_2, 8, 00402444, 00402444, 00110269, 00129e70, 0014069b, 004078f9, 00402444, 00402462, 00402469, 0.0863162644411487, 0.34167785222205027
004, 204, 1661810926.258631, Point_of_Interest_Analysis_2, 9, 0040788f, 00402444, 00110269, 00129e70, 0014069b, 004078f9, 00402444, 00110269, 00129e70, 0.0871964390585222, 0.34424490786925965
004, 205, 1661810961.734936, Point_of_Interest_Triage_3, 1, 0040788f, 00402444, 00110269, 00129e70, 0040788f, 0014069b, 00402444, 00110269, 00129e70, 0.08792389680886756, 0.347546500820233
004, 206, 1661811000.570878, Point_of_Interest_Triage_3, 2, 004078e8, 00402444, 00110269, 00129e70, 0014069b, 004078f9, 00402444, 00110269, 00129e70, 0.08912463534423756, 0.35113318599394866
004, 207, 1661811003.333104, Point_of_Interest_Triage_3, 3, 0040788f, 0040788f, 00402444, 00110269, 00129e70, 0014069b, 004078e8, 0040788f, 00402444, 0.0890398938196008, 0.35144827962945685
004, 208, 1661811019.668860, Point_of_Interest_Triage_3, 4, 004078e8, 0040788f, 00402444, 004078e8, 00110269, 00129e70, 0040788f, 004078e8, 00402444, 0.0892738808933259, 0.35315499636141795
004, 209, 1661811046.246220, Point_of_Interest_Triage_3, 5, 0040788f, 0040788f, 00402444, 00110269, 00129e70, 004078e8, 004078e8, 0040788f, 00402444, 0.08988024526658403, 0.35583954506784776
004, 210, 1661811078.631172, Point_of_Interest_Analysis_3, 1, 0040788f, 0040788f, 00402444, 00110269, 00129e70, 0014069b, 004078e8, 0040788f, 00402444, 0.09060270424413275, 0.3585574833580418
004, 211, 1661811086.617894, Point_of_Interest_Analysis_3, 2, 0040788f, 0040788f, 00402444, 00110269, 00129e70, 0014069b, 0040788f, 004078e8, 00402444, 0.09075182804265866, 0.3593872100299986
004, 212, 1661811110.704635, Point_of_Interest_Analysis_3, 3, 0040778b, 0040788f, 00402444, 00110269, 00129e70, 0014069b, 0040788f, 00402444, 004078e8, 0.09152314829749213, 0.36181571133526624
004, 213, 1661811120.588817, Point_of_Interest_Analysis_3, 4, 0040778b, 0040788f, 0040778b, 00402444, 00110269, 00129e70, 0040788f, 00402444, 0040778b, 0.09161286964738477, 0.3628755785966328
004, 214, 1661811126.049696, Point_of_Interest_Analysis_3, 5, 00407878, 0040788f, 00407878, 0040778b, 00402444, 00110269, 0040778b, 0040788f, 00402444, 0.09185641646269303, 0.36351599033179044
004, 215, 1661811134.979798, Point_of_Interest_Analysis_3, 6, 0040778f, 0040788f, 00402444, 0040778b, 0040778f, 00110269, 0040788f, 0040778b, 00402444, 0.09227585915059498, 0.3645706574724824
004, 216, 1661811136.363374, Point_of_Interest_Analysis_3, 7, 0040778b, 0040778b, 0040788f, 00402444, 0040778f, 00110269, 0040778b, 0040778f, 00407878, 0.09223161894827613, 0.36477267493892285
004, 217, 1661811157.243996, Point_of_Interest_Analysis_3, 8, 004076e8, 0040788f, 0040778b, 00402444, 00110269, 00129e70, 0040778f, 0040788f, 0040778b, 0.09315223006199007, 0.36727061679146206
004, 218, 1661811161.630567, Point_of_Interest_Analysis_3, 9, 004076ad, 004076ad, 0040788f, 0040778b, 00402444, 00110269, 0040788f, 0040778b, 004076e8, 0.09260997299582156, 0.3678368887004908
004, 219, 1661811162.590700, Point_of_Interest_Analysis_3, 10, 004076ad, 004076ad, 0040788f, 0040778b, 00402444, 00110269, 004076ad, 0040788f, 0040778b, 0.0925881542759607, 0.3679933595856709
004, 220, 1661811184.221155, Point_of_Interest_Analysis_3, 11, 0040778b, 0040778b, 004076ad, 0040788f, 00402444, 00110269, 0040778b, 004076e8, 0040788f, 0.09331067527727677, 0.3707333845928154
004, 221, 1661811225.018482, Point_of_Interest_Analysis_3, 12, 004077ca, 0040778b, 0040788f, 00402444, 004076ad, 00110269, 004076ad, 0040778b, 0040788f, 0.09485083021663995, 0.3754124512926556
004, 222, 1661811322.699649, Point_of_Interest_Triage_4, 1, 0040778b, 0040778b, 0040788f, 00402444, 00129e70, 00110269, 0040778b, 0040788f, 00402444, 0.09769624366847793, 0.3855470487595583
004, 223, 1661811335.343854, Point_of_Interest_Triage_4, 2, 00407878, 0040778b, 00407878, 0040788f, 00402444, 00129e70, 0040778b, 0040778f, 0040788f, 0.09750620094836476, 0.3869192104558191
004, 224, 1661811377.728379, Point_of_Interest_Triage_4, 3, 0040778b, 0040778b, 0040788f, 00402444, 00129e70, 00110269, 0040778b, 00407878, 0040788f, 0.09862826985558487, 0.3913560569022371
004, 225, 1661811388.067596, Point_of_Interest_Analysis_4, 1, 0040778c, 0040778b, 0040778c, 0040788f, 00402444, 00129e70, 0040778b, 0040788f, 00407878, 0.09904550679644855, 0.39251476303463334
004, 226, 1661811445.076882, Point_of_Interest_Analysis_4, 2, 00407878, 0040778b, 0040788f, 00407878, 00129e70, 00402444, 0040778b, 0040788f, 00402444, 0.10056361920662617, 0.3984814322613291
004, 227, 1661811448.209464, Point_of_Interest_Analysis_4, 3, 00407878, 00407878, 0040778b, 0040788f, 00129e70, 00402444, 0040778b, 00407878, 0040778c, 0.10053721809602244, 0.3988688651479758
004, 228, 1661811451.392807, Point_of_Interest_Analysis_4, 4, 00407841, 00407878, 00407841, 0040778b, 0040788f, 00129e70, 00407878, 0040778b, 0040778c, 0.1007157253365408, 0.39929455578291323
004, 229, 1661811482.925234, Point_of_Interest_Analysis_4, 5, 0040781b, 00407878, 0040778b, 00129e70, 0040788f, 00110269, 00407878, 0040778b, 0040788f, 0.10201542854834697, 0.4029285309590915
004, 230, 1661811483.778525, Point_of_Interest_Analysis_4, 6, 00402170, 00402170, 00407878, 0040778b, 00129e70, 0040788f, 0040781b, 00407878, 0040778b, 0.10208641726374329, 0.4030610268517945
004, 231, 1661811494.428500, Point_of_Interest_Analysis_4, 7, 00402174, 00407878, 0040778b, 00402174, 00402170, 00129e70, 00407878, 0040778b, 00402170, 0.10270091407387097, 0.4044380407657939
004, 232, 1661811499.004588, Point_of_Interest_Analysis_4, 8, 00402170, 00402170, 00407878, 0040778b, 00129e70, 0040788f, 00402174, 00407878, 0040778b, 0.10278753211336027, 0.4050654210149032
004, 233, 1661811507.148054, Point_of_Interest_Analysis_4, 9, 0040778b, 0040778b, 00402170, 00407878, 00129e70, 00110269, 00402170, 00407878, 0040778b, 0.10305192317712343, 0.40617720466879714
004, 234, 1661811526.131621, Point_of_Interest_Analysis_4, 10, 00407878, 00407878, 0040778b, 00402170, 00129e70, 00110269, 0040778b, 00407878, 0040778f, 0.10371360934014523, 0.4086351181588253
004, 235, 1661811574.499673, Point_of_Interest_Analysis_4, 11, 0040781b, 0040778b, 00407878, 00129e70, 00110269, 00402444, 0040778b, 00407878, 00402170, 0.10504324773414209, 0.4144046524761886
004, 236, 1661811576.156545, Point_of_Interest_Analysis_4, 12, 0040781b, 0040781b, 0040778b, 00407878, 00129e70, 00110269, 0040781b, 0040778b, 00407878, 0.1049438166688203, 0.41464684386227324
004, 237, 1661811583.994032, Point_of_Interest_Analysis_4, 13, 0040781b, 0040781b, 0040778b, 00407878, 00129e70, 00110269, 0040781b, 0040778b, 00407878, 0.10518216153847607, 0.4157180449700925
004, 238, 1661811584.348182, Point_of_Interest_Analysis_4, 14, 00402170, 00402170, 0040781b, 0040778b, 00407878, 00129e70, 0040781b, 00402174, 0040778b, 0.10499578565628888, 0.41578922459459017
004, 239, 1661811599.632982, Point_of_Interest_Analysis_4, 15, 0040778b, 0040778b, 0040781b, 00402170, 00407878, 00129e70, 00407878, 0040781b, 00402170, 0.10548276127100016, 0.4179481673044674
004, 240, 1661811605.751890, Point_of_Interest_Analysis_4, 16, 00407841, 0040778b, 0040781b, 00407841, 00402170, 00407878, 0040781b, 0040778b, 00407878, 0.10519810701902631, 0.41883140397233404
004, 241, 1661811612.528001, Point_of_Interest_Analysis_4, 17, 00407841, 00407841, 0040778b, 0040781b, 00402170, 00407878, 0040781b, 0040778b, 00402170, 0.10535955253734107, 0.4198326092532281
004, 242, 1661811613.884071, Point_of_Interest_Analysis_4, 18, 00407841, 00407841, 0040778b, 0040781b, 00402170, 00407878, 00407841, 0040781b, 0040778b, 0.10536580940171783, 0.4200695052626912
004, 243, 1661811640.433610, Point_of_Interest_Analysis_4, 19, 00407848, 00407841, 0040778b, 0040781b, 00407878, 00402170, 00407841, 0040778b, 0040781b, 0.10637569990706698, 0.423860526704586
004, 244, 1661811643.968985, Point_of_Interest_Analysis_4, 20, 00407841, 00407841, 0040778b, 0040781b, 00407878, 00402170, 00407848, 00407841, 0040781b, 0.1064496867231362, 0.4244040701337173
004, 245, 1661811644.705428, Point_of_Interest_Analysis_4, 21, 00407841, 00407841, 0040778b, 0040781b, 00407878, 00402170, 00407841, 00407848, 0040781b, 0.10645143965907237, 0.4245462942627676
004, 246, 1661811646.169690, Point_of_Interest_Analysis_4, 22, 00407841, 00407841, 0040778b, 0040781b, 00407878, 00402170, 00407841, 00407848, 0040781b, 0.10649422129249478, 0.4248323694392693
004, 247, 1661811648.546202, Point_of_Interest_Analysis_4, 23, 00407839, 00407841, 00407839, 0040778b, 0040781b, 00407878, 00407841, 00407848, 0040778b, 0.10664270332433982, 0.4250081259782059
004, 248, 1661811650.481653, Point_of_Interest_Analysis_4, 24, 0040783b, 00407841, 0040783b, 0040778b, 00407839, 0040781b, 00407841, 00407839, 0040778b, 0.10679205190249143, 0.4253775598888018
004, 249, 1661811654.081044, Point_of_Interest_Analysis_4, 25, 0040783d, 00407841, 0040783d, 0040778b, 0040783b, 0040781b, 00407841, 0040783b, 0040778b, 0.10706810073320393, 0.42604781956042515
004, 250, 1661811659.129042, Point_of_Interest_Analysis_4, 26, 00407841, 00407841, 0040778b, 0040781b, 0040783d, 00407878, 00407841, 00407839, 00407848, 0.1073374781456675, 0.42696188580981237
004, 251, 1661811665.445057, Point_of_Interest_Analysis_4, 27, 0040785a, 00407841, 0040778b, 0040785a, 0040781b, 00407878, 00407841, 0040783b, 00407839, 0.10776001394122321, 0.4280805532962379
004, 252, 1661811668.665834, Point_of_Interest_Analysis_4, 28, 00407841, 00407841, 0040778b, 0040781b, 0040785a, 00407878, 00407841, 0040785a, 00407839, 0.10792277916777512, 0.42867833676894396
004, 253, 1661811722.406470, Point_of_Interest_Analysis_4, 29, 00407827, 00407841, 0040778b, 0040781b, 00407878, 00129e70, 00407841, 0040778b, 00402170, 0.11056448540581568, 0.43680931128852063
004, 254, 1661811734.140273, Point_of_Interest_Analysis_4, 30, 004077eb, 00407841, 0040778b, 004077eb, 0040781b, 00407878, 00407841, 0040778b, 0040781b, 0.11119598036368063, 0.438544123588333
004, 255, 1661811736.099754, Point_of_Interest_Analysis_4, 31, 004077eb, 004077eb, 00407841, 0040778b, 0040781b, 00407878, 00407841, 004077eb, 0040778b, 0.11116453109322573, 0.43888031208325684
004, 256, 1661811804.679288, Point_of_Interest_Analysis_4, 32, 004077eb, 00407841, 0040778b, 004077eb, 00129e70, 00110269, 00407841, 004077eb, 0040778b, 0.11378628479514422, 0.4484500243847181
004, 257, 1661811957.849415, Point_of_Interest_Analysis_4, 33, 00401313, 00407841, 0040778b, 00129e70, 00110269, 0014069b, 00407841, 004077eb, 0040778b, 0.11939156603742382, 0.4671973694690417
004, 258, 1661812019.271359, Point_of_Interest_Triage_5, 1, 00401e24, 00407841, 0040778b, 00129e70, 00110269, 0014069b, 00407841, 0040778b, 00129e70, 0.12170194539326597, 0.4743770221959215
004, 259, 1661812037.528066, Point_of_Interest_Triage_5, 2, 00401313, 00407841, 00401313, 0040778b, 00129e70, 00110269, 00401e24, 00407841, 0040778b, 0.12177469574168685, 0.4766001707590887
004, 260, 1661812049.446981, Point_of_Interest_Analysis_5, 1, 00401dfc, 00407841, 0040778b, 00401dfc, 00129e70, 00401313, 00401313, 00407841, 0040778b, 0.12234116539070572, 0.4781231825792206
004, 261, 1661812064.105402, Point_of_Interest_Analysis_5, 2, 00401dfc, 00401dfc, 00407841, 0040778b, 00129e70, 00110269, 00407841, 0040778b, 00401313, 0.12277196382081812, 0.4800273294590626
004, 262, 1661812077.608851, Point_of_Interest_Analysis_5, 3, 004012d4, 00407841, 00401dfc, 0040778b, 004012d4, 00129e70, 00401dfc, 00407841, 0040778b, 0.12340917464927337, 0.48181732260218446
004, 263, 1661812079.998611, Point_of_Interest_Analysis_5, 4, 00401dfc, 00401dfc, 00407841, 0040778b, 00129e70, 004012d4, 004012d4, 00401dfc, 00407841, 0.12341542007541706, 0.4821843239743442
004, 264, 1661812082.926125, Point_of_Interest_Analysis_5, 5, 00401e24, 00401dfc, 00401e24, 00407841, 0040778b, 00129e70, 00401dfc, 004012d4, 00401313, 0.12309876604612302, 0.48265723326191234
004, 265, 1661812087.900610, Point_of_Interest_Analysis_5, 6, 004012d4, 004012d4, 00401dfc, 00401e24, 00407841, 0040778b, 00401dfc, 00401e24, 00407841, 0.1231689222840206, 0.483456253732277
004, 266, 1661812091.585457, Point_of_Interest_Analysis_5, 7, 00401313, 00401313, 00401dfc, 004012d4, 00407841, 00401e24, 00401e24, 00401dfc, 004012d4, 0.12312732218627241, 0.48407208768044163
004, 267, 1661812267.238231, Point_of_Interest_Analysis_5, 8, 00401319, 00407841, 0040778b, 00129e70, 00110269, 0014069b, 00407841, 00401dfc, 00401313, 0.12930481087255505, 0.5060635634128209
004, 268, 1661812404.219502, Point_of_Interest_Analysis_5, 9, 00401dfc, 00407841, 00401dfc, 00129e70, 0040778b, 00110269, 00407841, 00401dfc, 00129e70, 0.13324005810545186, 0.5215038401649411
004, 269, 1661812404.261077, Point_of_Interest_Analysis_5, 10, 00401dfc, 00401dfc, 00407841, 00129e70, 0040778b, 00110269, 00401dfc, 004012d4, 00407841, 0.13306555037664486, 0.5215175501405406
004, 270, 1661812408.025967, Point_of_Interest_Analysis_5, 11, 00401e24, 00401dfc, 00401e24, 00407841, 00129e70, 0040778b, 00401dfc, 004012d4, 00407841, 0.13285198300942194, 0.5220878215534334
004, 271, 1661812413.572570, Point_of_Interest_Analysis_5, 12, 00401e24, 00401e24, 00401dfc, 00407841, 00129e70, 0040778b, 00401dfc, 00401e24, 00401313, 0.1330031664826716, 0.5228876053113511
004, 272, 1661812431.543437, Point_of_Interest_Analysis_5, 13, 00401e24, 00401e24, 00401dfc, 00407841, 00129e70, 0040778b, 00401e24, 00401dfc, 00401313, 0.13352797054263713, 0.525298066857419
004, 273, 1661812472.475042, Point_of_Interest_Analysis_5, 14, 00401378, 00401e24, 00401dfc, 00407841, 00129e70, 0040778b, 00401e24, 00401dfc, 00407841, 0.13498087424269642, 0.5304515249552247
004, 274, 1661812474.001175, Point_of_Interest_Analysis_5, 15, 00401313, 00401313, 00401e24, 00401dfc, 00407841, 00129e70, 00401378, 00401e24, 00401dfc, 0.1347438861749959, 0.5306884668442123
004, 275, 1661812476.173510, Point_of_Interest_Analysis_5, 16, 00401313, 00401313, 00401e24, 00401dfc, 00407841, 00129e70, 00401313, 00401dfc, 00401e24, 0.13479687557624173, 0.5310433652206
004, 276, 1661812518.548555, Point_of_Interest_Analysis_5, 17, 00404510, 00401313, 00401e24, 00407841, 00401dfc, 00129e70, 00401dfc, 00401313, 00401e24, 0.13642937273295344, 0.5366795306220932
004, 277, 1661812540.973983, Point_of_Interest_Triage_6, 1, 00404510, 00401313, 00401e24, 00404510, 00407841, 00401dfc, 00401313, 00401e24, 00401dfc, 0.13693260805736832, 0.5396117763259575
004, 278, 1661812544.999664, Point_of_Interest_Triage_6, 2, 00404510, 00404510, 00401313, 00401e24, 00407841, 00401dfc, 00404510, 00401313, 00401e24, 0.13697050655618018, 0.5402009382067701
004, 279, 1661812546.540340, Point_of_Interest_Triage_6, 3, 00404652, 00404652, 00404510, 00401313, 00401e24, 00407841, 00404510, 00401313, 00401e24, 0.13707788920406727, 0.5404629803201527
004, 280, 1661812548.556316, Point_of_Interest_Triage_6, 4, 00404510, 00404510, 00404652, 00401313, 00401e24, 00407841, 00404510, 00404652, 00401313, 0.13713690753194596, 0.5408220549498682
004, 281, 1661812592.061863, Point_of_Interest_Triage_6, 5, 0040464d, 00404510, 00401313, 00401e24, 00407841, 00401dfc, 00404510, 00404652, 00401e24, 0.1389618752516964, 0.5469771393986905
004, 282, 1661812597.477016, Point_of_Interest_Triage_6, 6, 00404651, 00404510, 00404651, 00401e24, 00401313, 00407841, 00404510, 0040464d, 00401e24, 0.1392590669623904, 0.5477827316883144
004, 283, 1661812598.642875, Point_of_Interest_Triage_6, 7, 0040464d, 0040464d, 00404510, 00404651, 00401e24, 00401313, 00404651, 00404510, 0040464d, 0.13903200623475434, 0.5479924025304321
004, 284, 1661812599.897758, Point_of_Interest_Triage_6, 8, 0040463c, 0040463c, 0040464d, 00404510, 00404651, 00401e24, 0040464d, 00404651, 00404510, 0.1391488739940752, 0.5482364443814807
004, 285, 1661812618.392005, Point_of_Interest_Triage_6, 9, 00404510, 00404510, 0040464d, 00401e24, 00401313, 00407841, 00404510, 0040464d, 00404652, 0.14002206003487835, 0.5511628843534826
004, 286, 1661812767.803664, Point_of_Interest_Analysis_6, 1, 00404510, 00404510, 00407841, 00129e70, 00401e24, 00401313, 00404510, 00404652, 0040464d, 0.1452870735515417, 0.5707466681818529
004, 287, 1661812832.349386, Point_of_Interest_Analysis_6, 2, 00400000, 00404510, 00407841, 00129e70, 00401e24, 00110269, 00404510, 00407841, 00129e70, 0.14505154673796242, 0.5787165230043758
004, 288, 1661812873.967162, Ghidra_User_Preferences_1, 1, 00400020, 00404510, 00407841, 00129e70, 00110269, 00401e24, 00404510, 00407841, 00129e70, 0.14666559021245218, 0.5838704077946409
004, 289, 1661812874.849345, Ghidra_User_Preferences_1, 2, 0040463c, 0040463c, 00404510, 00407841, 00129e70, 00110269, 00400020, 00404510, 00407841, 0.14598198454349764, 0.5840178523910089
